2025-10-24 11:57:07,618 [INFO] Activator:176 - 


2025-10-24 11:57:07,620 [INFO] Activator:177 - !SESSION log4j initialized
2025-10-24 11:57:10,723 [INFO] LogOutputStream:77 - [STDOUT_REDIRECT] 
2025-10-24 11:57:12,886 [INFO] ApplicationProperties:184 - Using Application install path: /home/lth/st/stm32cubeide_1.19.0/plugins/com.st.stm32cube.common.mx_6.15.0.202507011659
2025-10-24 11:57:12,946 [INFO] DbMcusXml:78 - Set database path to: /home/lth/st/stm32cubeide_1.19.0/plugins/com.st.stm32cube.common.mx_6.15.0.202507011659//db//mcu/
2025-10-24 11:57:12,946 [INFO] ApiDb:274 - Set plugin database path to: /home/lth/st/stm32cubeide_1.19.0/plugins/com.st.stm32cube.common.mx_6.15.0.202507011659//db//plugins/boardmanager/
2025-10-24 11:57:12,946 [WARN] ApiDb:259 - Overriding images path with different value:  => /home/lth/st/stm32cubeide_1.19.0/plugins/com.st.stm32cube.common.mx_6.15.0.202507011659//db//plugins/mcufinder/images/
2025-10-24 11:57:12,981 [INFO] ApiDb:250 - Set database path to: /home/lth/.stmcufinder/plugins/mcufinder//mcu/
2025-10-24 11:57:12,983 [INFO] DbMcusAds:125 - Set database path to: /home/lth/.stmcufinder/plugins/mcufinder//mcu/
2025-10-24 11:57:12,985 [INFO] CrossReferenceDbSqlite:203 - Set database path to: /home/lth/.stmcufinder/plugins/mcufinder//mcu/cs/
2025-10-24 11:57:13,114 [INFO] RulesReader:64 - Compatibility file has been processed (317 Rules)
2025-10-24 11:57:13,214 [INFO] DbMcusXml:78 - Set database path to: /home/lth/st/stm32cubeide_1.19.0/plugins/com.st.stm32cube.common.mx_6.15.0.202507011659//db//mcu/
2025-10-24 11:57:13,214 [INFO] ApiDb:274 - Set plugin database path to: /home/lth/st/stm32cubeide_1.19.0/plugins/com.st.stm32cube.common.mx_6.15.0.202507011659//db//plugins/boardmanager/
2025-10-24 11:57:13,214 [INFO] ApiDb:261 - Set plugin images path to: /home/lth/st/stm32cubeide_1.19.0/plugins/com.st.stm32cube.common.mx_6.15.0.202507011659//db//plugins/mcufinder/images/
2025-10-24 11:57:13,214 [WARN] DbFile:41 - Overriding database path with different value: /home/lth/.stmcufinder/plugins/mcufinder/ => /home/lth/.stmcufinder/plugins/mcufinder
2025-10-24 11:57:13,214 [INFO] ApiDb:250 - Set database path to: /home/lth/.stmcufinder/plugins/mcufinder//mcu/
2025-10-24 11:57:13,214 [WARN] DbFile:41 - Overriding database path with different value: /home/lth/.stmcufinder/plugins/mcufinder/ => /home/lth/.stmcufinder/plugins/mcufinder
2025-10-24 11:57:13,214 [INFO] DbMcusAds:125 - Set database path to: /home/lth/.stmcufinder/plugins/mcufinder//mcu/
2025-10-24 11:57:13,214 [WARN] DbFile:41 - Overriding database path with different value: /home/lth/.stmcufinder/plugins/mcufinder/ => /home/lth/.stmcufinder/plugins/mcufinder
2025-10-24 11:57:13,215 [WARN] DbFile:41 - Overriding database path with different value: /home/lth/.stmcufinder/plugins/mcufinder/ => /home/lth/.stmcufinder/plugins/mcufinder
2025-10-24 11:57:13,215 [INFO] CrossReferenceDbSqlite:203 - Set database path to: /home/lth/.stmcufinder/plugins/mcufinder//mcu/cs/
2025-10-24 11:57:13,339 [INFO] MainPanel:274 - HeapMemory: 268435456
2025-10-24 11:57:13,596 [INFO] DbMcusXml:78 - Set database path to: /home/lth/st/stm32cubeide_1.19.0/plugins/com.st.stm32cube.common.mx_6.15.0.202507011659//db//mcu/
2025-10-24 11:57:13,596 [INFO] ApiDb:274 - Set plugin database path to: /home/lth/st/stm32cubeide_1.19.0/plugins/com.st.stm32cube.common.mx_6.15.0.202507011659//db//plugins/boardmanager/
2025-10-24 11:57:13,596 [INFO] ApiDb:261 - Set plugin images path to: /home/lth/st/stm32cubeide_1.19.0/plugins/com.st.stm32cube.common.mx_6.15.0.202507011659//db//plugins/mcufinder/images/
2025-10-24 11:57:13,596 [WARN] DbFile:41 - Overriding database path with different value: /home/lth/.stmcufinder/plugins/mcufinder/ => /home/lth/.stmcufinder/plugins/mcufinder
2025-10-24 11:57:13,596 [INFO] ApiDb:250 - Set database path to: /home/lth/.stmcufinder/plugins/mcufinder//mcu/
2025-10-24 11:57:13,596 [WARN] DbFile:41 - Overriding database path with different value: /home/lth/.stmcufinder/plugins/mcufinder/ => /home/lth/.stmcufinder/plugins/mcufinder
2025-10-24 11:57:13,596 [INFO] DbMcusAds:125 - Set database path to: /home/lth/.stmcufinder/plugins/mcufinder//mcu/
2025-10-24 11:57:13,597 [WARN] DbFile:41 - Overriding database path with different value: /home/lth/.stmcufinder/plugins/mcufinder/ => /home/lth/.stmcufinder/plugins/mcufinder
2025-10-24 11:57:13,597 [WARN] DbFile:41 - Overriding database path with different value: /home/lth/.stmcufinder/plugins/mcufinder/ => /home/lth/.stmcufinder/plugins/mcufinder
2025-10-24 11:57:13,597 [INFO] CrossReferenceDbSqlite:203 - Set database path to: /home/lth/.stmcufinder/plugins/mcufinder//mcu/cs/
2025-10-24 11:57:13,610 [INFO] ApplicationProperties:184 - Using Application install path: /home/lth/st/stm32cubeide_1.19.0/plugins/com.st.stm32cube.common.mx_6.15.0.202507011659
2025-10-24 11:57:13,612 [INFO] PluginManage:196 - Search for loadable plugins [exclusion list=, ]
2025-10-24 11:57:13,619 [INFO] PluginManage:310 - Check plugin analytics
2025-10-24 11:57:13,820 [INFO] AnalyticsPlugin:253 - Accepted Software Licenses: 
2025-10-24 11:57:13,821 [INFO] AnalyticsPlugin:255 - Accepted CMSIS Pack Licenses: 
2025-10-24 11:57:13,821 [INFO] AnalyticsPlugin:257 - Accepted Firmware Licenses: 
2025-10-24 11:57:13,823 [INFO] PluginManage:359 - Loaded plugin analytics (category:tool,tabindex:-1)
2025-10-24 11:57:13,823 [INFO] PluginManage:310 - Check plugin cadmodel
2025-10-24 11:57:13,856 [INFO] CADModel:105 - Init CAD model plugin
2025-10-24 11:57:13,856 [INFO] PluginManage:359 - Loaded plugin cadmodel (category:power,tabindex:5)
2025-10-24 11:57:13,856 [INFO] PluginManage:310 - Check plugin clock
2025-10-24 11:57:13,893 [INFO] PluginManage:359 - Loaded plugin clock (category:base,tabindex:2)
2025-10-24 11:57:13,893 [INFO] PluginManage:310 - Check plugin ddr
2025-10-24 11:57:13,899 [INFO] PluginManage:359 - Loaded plugin ddr (category:tool,tabindex:6)
2025-10-24 11:57:13,899 [INFO] PluginManage:310 - Check plugin filemanager
2025-10-24 11:57:14,371 [INFO] PluginManage:359 - Loaded plugin filemanager (category:base,tabindex:10)
2025-10-24 11:57:14,372 [INFO] PluginManage:310 - Check plugin ipmanager
2025-10-24 11:57:14,397 [INFO] PluginManage:359 - Loaded plugin ipmanager (category:base,tabindex:5)
2025-10-24 11:57:14,398 [INFO] PluginManage:310 - Check plugin lpbam
2025-10-24 11:57:14,454 [INFO] PluginManage:359 - Loaded plugin lpbam (category:base,tabindex:0)
2025-10-24 11:57:14,454 [INFO] PluginManage:310 - Check plugin memorymap
2025-10-24 11:57:14,474 [INFO] PluginManage:359 - Loaded plugin memorymap (category:base,tabindex:4)
2025-10-24 11:57:14,474 [INFO] PluginManage:310 - Check plugin pinoutandconfiguration
2025-10-24 11:57:14,488 [INFO] PluginManage:359 - Loaded plugin pinoutandconfiguration (category:base,tabindex:1)
2025-10-24 11:57:14,488 [INFO] PluginManage:310 - Check plugin pinoutconfig
2025-10-24 11:57:14,624 [WARN] SupportedApi:132 - Cannot load RTOS API schema: s4s-elt-must-match.1: The content of 'definitions' must match (annotation?, (simpleType | complexType)?, (unique | key | keyref)*)). A problem was found starting at: attribute.
2025-10-24 11:57:14,759 [INFO] PluginManage:359 - Loaded plugin pinoutconfig (category:base,tabindex:0)
2025-10-24 11:57:14,760 [INFO] PluginManage:310 - Check plugin power
2025-10-24 11:57:14,830 [INFO] PluginManage:359 - Loaded plugin power (category:power,tabindex:4)
2025-10-24 11:57:14,831 [INFO] PluginManage:310 - Check plugin projectmanager
2025-10-24 11:57:14,854 [INFO] PluginManage:359 - Loaded plugin projectmanager (category:projectmanager,tabindex:4)
2025-10-24 11:57:14,855 [INFO] PluginManage:310 - Check plugin rif
2025-10-24 11:57:14,895 [INFO] PluginManage:359 - Loaded plugin rif (category:base,tabindex:3)
2025-10-24 11:57:14,895 [INFO] PluginManage:310 - Check plugin thirdparty
2025-10-24 11:57:15,119 [WARN] IntegrityCheckThread:84 - waiting for thirdparty lock release [integrity check]
2025-10-24 11:57:15,120 [INFO] IntegrityCheckThread:86 - entering critical section [integrity check]
2025-10-24 11:57:15,120 [INFO] ThirdPartyUpdaterWithRetryManager:70 - Updater plugin not ready yet. [1/15]
2025-10-24 11:57:15,120 [INFO] PluginManage:359 - Loaded plugin thirdparty (category:base,tabindex:-1)
2025-10-24 11:57:15,120 [INFO] PluginManage:310 - Check plugin tools
2025-10-24 11:57:15,138 [INFO] PluginManage:359 - Loaded plugin tools (category:base,tabindex:7)
2025-10-24 11:57:15,138 [INFO] PluginManage:310 - Check plugin tutovideos
2025-10-24 11:57:15,372 [INFO] PluginManage:359 - Loaded plugin tutovideos (category:base,tabindex:-1)
2025-10-24 11:57:15,372 [INFO] PluginManage:310 - Check plugin updater
2025-10-24 11:57:15,406 [INFO] PluginManage:359 - Loaded plugin updater (category:base,tabindex:12)
2025-10-24 11:57:15,406 [INFO] PluginManage:310 - Check plugin userauth
2025-10-24 11:57:15,425 [INFO] UserAuth:118 - Init User Auth plugin
2025-10-24 11:57:15,425 [INFO] PluginManage:359 - Loaded plugin userauth (category:base,tabindex:14)
2025-10-24 11:57:15,426 [INFO] PluginManage:283 - PluginManage : Loaded plugins [18]
2025-10-24 11:57:15,704 [INFO] PinOutPanel:1589 - setPackage(No Configuration,No Configuration)
2025-10-24 11:57:15,828 [INFO] CADModel:165 - CPN selected for project level
2025-10-24 11:57:15,828 [INFO] CADModel:114 - Register for checkConnection events
2025-10-24 11:57:15,849 [INFO] IPUIPlugin:80 - create IPUIPlugin
2025-10-24 11:57:15,850 [INFO] PluginManager:220 - loadIPPluginJar : add nvic
2025-10-24 11:57:15,852 [INFO] IPUIPlugin:80 - create IPUIPlugin
2025-10-24 11:57:15,853 [INFO] PluginManager:220 - loadIPPluginJar : add tsc
2025-10-24 11:57:15,858 [INFO] IPUIPlugin:80 - create IPUIPlugin
2025-10-24 11:57:15,858 [INFO] PluginManager:220 - loadIPPluginJar : add pdm2pcm
2025-10-24 11:57:15,870 [INFO] IPUIPlugin:80 - create IPUIPlugin
2025-10-24 11:57:15,870 [INFO] PluginManager:220 - loadIPPluginJar : add i3c
2025-10-24 11:57:15,881 [INFO] IPUIPlugin:80 - create IPUIPlugin
2025-10-24 11:57:15,881 [INFO] PluginManager:220 - loadIPPluginJar : add mdma
2025-10-24 11:57:15,883 [INFO] IPUIPlugin:80 - create IPUIPlugin
2025-10-24 11:57:15,883 [INFO] PluginManager:220 - loadIPPluginJar : add quadspi
2025-10-24 11:57:15,886 [INFO] IPUIPlugin:80 - create IPUIPlugin
2025-10-24 11:57:15,886 [INFO] PluginManager:220 - loadIPPluginJar : add fatfs
2025-10-24 11:57:15,887 [INFO] IPUIPlugin:80 - create IPUIPlugin
2025-10-24 11:57:15,888 [INFO] PluginManager:220 - loadIPPluginJar : add genericplugin
2025-10-24 11:57:15,893 [INFO] IPUIPlugin:80 - create IPUIPlugin
2025-10-24 11:57:15,893 [INFO] PluginManager:220 - loadIPPluginJar : add resmgrutility
2025-10-24 11:57:15,898 [INFO] IPUIPlugin:80 - create IPUIPlugin
2025-10-24 11:57:15,898 [INFO] PluginManager:220 - loadIPPluginJar : add stm32_wpan
2025-10-24 11:57:15,901 [INFO] IPUIPlugin:80 - create IPUIPlugin
2025-10-24 11:57:15,901 [INFO] PluginManager:220 - loadIPPluginJar : add sai
2025-10-24 11:57:15,904 [INFO] IPUIPlugin:80 - create IPUIPlugin
2025-10-24 11:57:15,904 [INFO] PluginManager:220 - loadIPPluginJar : add gfxmmu
2025-10-24 11:57:15,908 [INFO] IPUIPlugin:80 - create IPUIPlugin
2025-10-24 11:57:15,908 [INFO] PluginManager:220 - loadIPPluginJar : add touchsensing
2025-10-24 11:57:15,910 [INFO] IPUIPlugin:80 - create IPUIPlugin
2025-10-24 11:57:15,910 [INFO] PluginManager:220 - loadIPPluginJar : add spi
2025-10-24 11:57:15,921 [INFO] IPUIPlugin:80 - create IPUIPlugin
2025-10-24 11:57:15,921 [INFO] PluginManager:220 - loadIPPluginJar : add ipddr
2025-10-24 11:57:15,923 [INFO] IPUIPlugin:80 - create IPUIPlugin
2025-10-24 11:57:15,923 [INFO] PluginManager:220 - loadIPPluginJar : add ucpd
2025-10-24 11:57:15,925 [INFO] IPUIPlugin:80 - create IPUIPlugin
2025-10-24 11:57:15,925 [INFO] PluginManager:220 - loadIPPluginJar : add hash
2025-10-24 11:57:15,927 [INFO] IPUIPlugin:80 - create IPUIPlugin
2025-10-24 11:57:15,928 [INFO] PluginManager:220 - loadIPPluginJar : add gtzc
2025-10-24 11:57:15,929 [INFO] IPUIPlugin:80 - create IPUIPlugin
2025-10-24 11:57:15,930 [INFO] PluginManager:220 - loadIPPluginJar : add i2s
2025-10-24 11:57:15,932 [INFO] IPUIPlugin:80 - create IPUIPlugin
2025-10-24 11:57:15,932 [INFO] PluginManager:220 - loadIPPluginJar : add extmemmanager
2025-10-24 11:57:15,944 [INFO] IPUIPlugin:80 - create IPUIPlugin
2025-10-24 11:57:15,944 [INFO] PluginManager:220 - loadIPPluginJar : add dma
2025-10-24 11:57:15,946 [INFO] IPUIPlugin:80 - create IPUIPlugin
2025-10-24 11:57:15,946 [INFO] PluginManager:220 - loadIPPluginJar : add dma3
2025-10-24 11:57:15,952 [INFO] IPUIPlugin:80 - create IPUIPlugin
2025-10-24 11:57:15,952 [INFO] PluginManager:220 - loadIPPluginJar : add freertos
2025-10-24 11:57:15,954 [INFO] IPUIPlugin:80 - create IPUIPlugin
2025-10-24 11:57:15,954 [INFO] PluginManager:220 - loadIPPluginJar : add tracer_emb
2025-10-24 11:57:15,959 [INFO] IPUIPlugin:80 - create IPUIPlugin
2025-10-24 11:57:15,959 [INFO] PluginManager:220 - loadIPPluginJar : add fmc
2025-10-24 11:57:15,960 [INFO] IPUIPlugin:80 - create IPUIPlugin
2025-10-24 11:57:15,960 [INFO] PluginManager:220 - loadIPPluginJar : add tim
2025-10-24 11:57:15,962 [INFO] IPUIPlugin:80 - create IPUIPlugin
2025-10-24 11:57:15,962 [INFO] PluginManager:220 - loadIPPluginJar : add comp
2025-10-24 11:57:15,964 [INFO] IPUIPlugin:80 - create IPUIPlugin
2025-10-24 11:57:15,964 [INFO] PluginManager:220 - loadIPPluginJar : add usart
2025-10-24 11:57:15,966 [INFO] IPUIPlugin:80 - create IPUIPlugin
2025-10-24 11:57:15,966 [INFO] PluginManager:220 - loadIPPluginJar : add dfsdm
2025-10-24 11:57:15,970 [INFO] IPUIPlugin:80 - create IPUIPlugin
2025-10-24 11:57:15,970 [INFO] PluginManager:220 - loadIPPluginJar : add opamp
2025-10-24 11:57:15,980 [INFO] IPUIPlugin:80 - create IPUIPlugin
2025-10-24 11:57:15,980 [INFO] PluginManager:220 - loadIPPluginJar : add linkedlist
2025-10-24 11:57:16,013 [INFO] IPUIPlugin:80 - create IPUIPlugin
2025-10-24 11:57:16,013 [INFO] PluginManager:220 - loadIPPluginJar : add ddr_ctrl_phy
2025-10-24 11:57:16,016 [INFO] IPUIPlugin:80 - create IPUIPlugin
2025-10-24 11:57:16,016 [INFO] PluginManager:220 - loadIPPluginJar : add ts
2025-10-24 11:57:16,018 [INFO] IPUIPlugin:80 - create IPUIPlugin
2025-10-24 11:57:16,019 [INFO] PluginManager:220 - loadIPPluginJar : add radio
2025-10-24 11:57:16,022 [INFO] IPUIPlugin:80 - create IPUIPlugin
2025-10-24 11:57:16,022 [INFO] PluginManager:220 - loadIPPluginJar : add usbx
2025-10-24 11:57:16,026 [INFO] IPUIPlugin:80 - create IPUIPlugin
2025-10-24 11:57:16,026 [INFO] PluginManager:220 - loadIPPluginJar : add openamp
2025-10-24 11:57:16,028 [INFO] IPUIPlugin:80 - create IPUIPlugin
2025-10-24 11:57:16,028 [INFO] PluginManager:220 - loadIPPluginJar : add aes
2025-10-24 11:57:16,029 [INFO] IPUIPlugin:80 - create IPUIPlugin
2025-10-24 11:57:16,030 [INFO] PluginManager:220 - loadIPPluginJar : add ltdc
2025-10-24 11:57:16,031 [INFO] IPUIPlugin:80 - create IPUIPlugin
2025-10-24 11:57:16,032 [INFO] PluginManager:220 - loadIPPluginJar : add lorawan
2025-10-24 11:57:16,036 [INFO] IPUIPlugin:80 - create IPUIPlugin
2025-10-24 11:57:16,036 [INFO] PluginManager:220 - loadIPPluginJar : add gpio
2025-10-24 11:57:16,041 [INFO] IPUIPlugin:80 - create IPUIPlugin
2025-10-24 11:57:16,042 [INFO] PluginManager:220 - loadIPPluginJar : add adc
2025-10-24 11:57:16,044 [INFO] IPUIPlugin:80 - create IPUIPlugin
2025-10-24 11:57:16,044 [INFO] PluginManager:220 - loadIPPluginJar : add i2c
2025-10-24 11:57:16,046 [INFO] IPUIPlugin:80 - create IPUIPlugin
2025-10-24 11:57:16,046 [INFO] PluginManager:220 - loadIPPluginJar : add can
2025-10-24 11:57:16,048 [INFO] IPUIPlugin:80 - create IPUIPlugin
2025-10-24 11:57:16,049 [INFO] PluginManager:220 - loadIPPluginJar : add cryp
2025-10-24 11:57:16,053 [INFO] IPUIPlugin:80 - create IPUIPlugin
2025-10-24 11:57:16,053 [INFO] PluginManager:220 - loadIPPluginJar : add gic
2025-10-24 11:57:16,076 [INFO] IPUIPlugin:80 - create IPUIPlugin
2025-10-24 11:57:16,078 [INFO] PluginManager:220 - loadIPPluginJar : add plateformsettings
2025-10-24 11:57:16,180 [FATAL] Updater:351 - Updater called before beeing initialized
2025-10-24 11:57:16,223 [INFO] RulesReader:64 - Compatibility file has been processed (317 Rules)
2025-10-24 11:57:16,234 [INFO] RulesReader:64 - Compatibility file has been processed (317 Rules)
2025-10-24 11:57:16,240 [INFO] CADModel:165 - CPN selected for project level
2025-10-24 11:57:16,240 [INFO] CADModel:114 - Register for checkConnection events
2025-10-24 11:57:16,240 [FATAL] Updater:351 - Updater called before beeing initialized
2025-10-24 11:57:16,240 [ERROR] CADModel:125 - Updater not yet initialized, retry later 
2025-10-24 11:57:16,406 [FATAL] Updater:351 - Updater called before beeing initialized
2025-10-24 11:57:16,415 [INFO] CADModel:165 - CPN selected for project level
2025-10-24 11:57:16,415 [INFO] CADModel:114 - Register for checkConnection events
2025-10-24 11:57:16,415 [FATAL] Updater:351 - Updater called before beeing initialized
2025-10-24 11:57:16,415 [ERROR] CADModel:125 - Updater not yet initialized, retry later 
2025-10-24 11:57:16,417 [FATAL] Updater:351 - Updater called before beeing initialized
2025-10-24 11:57:16,497 [FATAL] Updater:351 - Updater called before beeing initialized
2025-10-24 11:57:16,514 [INFO] DbMcusAds:53 - JSON generation date=Tue Jul 08 16:14:23 MYT 2025 (1751962463524)
2025-10-24 11:57:16,514 [FATAL] Updater:351 - Updater called before beeing initialized
2025-10-24 11:57:16,613 [WARN] DetailPanel:346 - Failed to get advertising image, set to default
2025-10-24 11:57:16,685 [FATAL] Updater:351 - Updater called before beeing initialized
2025-10-24 11:57:16,687 [FATAL] Updater:351 - Updater called before beeing initialized
2025-10-24 11:57:16,687 [FATAL] Updater:351 - Updater called before beeing initialized
2025-10-24 11:57:16,688 [WARN] DetailPanel:346 - Failed to get advertising image, set to default
2025-10-24 11:57:16,688 [FATAL] Updater:351 - Updater called before beeing initialized
2025-10-24 11:57:16,773 [ERROR] Updater:1198 - MainUpdater not yet initialized. External WinMGr cannot be set.
2025-10-24 11:57:16,775 [INFO] Updater:1134 - Updater Version found : 6.15.0
2025-10-24 11:57:16,807 [INFO] ApplicationProperties:184 - Using Application install path: /home/lth/st/stm32cubeide_1.19.0/plugins/com.st.stm32cube.common.mx_6.15.0.202507011659
2025-10-24 11:57:16,862 [INFO] McuFinderGlobals:63 - Set McuFinder mode to 2 (CubeIDE integrated)
2025-10-24 11:57:18,120 [INFO] ThirdPartyUpdaterWithRetryManager:70 - Updater plugin not ready yet. [2/15]
2025-10-24 11:57:18,173 [INFO] MainUpdater:2872 - connection check result : 10
2025-10-24 11:57:18,173 [INFO] MainUpdater:3604 - Updater definition file requires update
2025-10-24 11:57:18,182 [INFO] MainUpdater:289 - Updater Check For Update Now.
2025-10-24 11:57:18,183 [INFO] MicroXplorer:498 - Change Database Version : DB.6.0.150
2025-10-24 11:57:18,199 [INFO] McuFinderGlobals:63 - Set McuFinder mode to 2 (CubeIDE integrated)
2025-10-24 11:57:18,219 [INFO] UserAuth:487 - Internet connection configuration mode: 1
2025-10-24 11:57:18,309 [INFO] JxBrowserEngine:152 - Initiate JxBrowser Engine with user profile folder
2025-10-24 11:57:18,355 [INFO] ServerAccessManage:452 - Complete download http(s) 200
2025-10-24 11:57:18,355 [INFO] ServerAccessManage:509 - Download File updaters.zip
2025-10-24 11:57:18,486 [INFO] FileExtend:248 - Unzip File : updaters.zip
2025-10-24 11:57:18,486 [INFO] FileExtend:263 - Standard Zip Deflate
2025-10-24 11:57:18,824 [INFO] ServerAccessManage:452 - Complete download http(s) 200
2025-10-24 11:57:18,825 [INFO] ServerAccessManage:509 - Download File PacksControlFlags.xml
2025-10-24 11:57:18,905 [INFO] ServerAccessManage:452 - Complete download http(s) 200
2025-10-24 11:57:18,905 [INFO] ServerAccessManage:509 - Download File cubemx.pidx
2025-10-24 11:57:19,085 [INFO] LoadServerUpdatesThread:375 - End of LoadServerUpdate Thread
2025-10-24 11:57:19,341 [INFO] CheckServerUpdateThread:120 - End of CheckServer Thread
2025-10-24 11:57:19,415 [INFO] MainUpdater:2872 - connection check result : 10
2025-10-24 11:57:19,492 [INFO] McuFinderGlobals:76 - Set McuFinderConnectedMode to true
2025-10-24 11:57:19,918 [INFO] ServerAccessManage:452 - Complete download http(s) 200
2025-10-24 11:57:19,931 [INFO] ServerAccessManage:509 - Download File mcusAds.json._tmp_
2025-10-24 11:57:20,067 [INFO] LoadUrlFilesThread:156 - End of LoadUrlFiles Thread
2025-10-24 11:57:20,993 [INFO] ServerAccessManage:452 - Complete download http(s) 200
2025-10-24 11:57:20,994 [INFO] ServerAccessManage:509 - Download File cube-finder-db.zip
2025-10-24 11:57:21,121 [WARN] MainUpdater:1193 - Updater busy. Cannot search thirdparties
2025-10-24 11:57:21,121 [INFO] ThirdPartyUpdaterWithRetryManager:96 - Updater plugin is busy. [1/15]
2025-10-24 11:57:22,844 [INFO] WebApp:169 - Instantiating new browser for Auth
2025-10-24 11:57:24,122 [WARN] MainUpdater:1193 - Updater busy. Cannot search thirdparties
2025-10-24 11:57:24,122 [INFO] ThirdPartyUpdaterWithRetryManager:96 - Updater plugin is busy. [2/15]
2025-10-24 11:57:26,430 [INFO] WebApp:463 - Apply proxy settings
2025-10-24 11:57:26,430 [INFO] WebApp:548 - Chromium requires no authentication
2025-10-24 11:57:26,447 [INFO] WebApp:491 - Direct internet connection detected
2025-10-24 11:57:26,463 [INFO] WebApp:900 - Register for checkConnection events
2025-10-24 11:57:26,463 [INFO] WebApp:463 - Apply proxy settings
2025-10-24 11:57:26,463 [INFO] WebApp:548 - Chromium requires no authentication
2025-10-24 11:57:26,464 [INFO] WebApp:491 - Direct internet connection detected
2025-10-24 11:57:27,066 [INFO] WebApp:225 - Starting web application
2025-10-24 11:57:27,066 [INFO] WebApp:593 - Web application path used /home/lth/st/stm32cubeide_1.19.0/plugins/com.st.stm32cube.common.mx_6.15.0.202507011659/db/plugins/mcufinder/reactClient1/index.html
2025-10-24 11:57:27,122 [WARN] MainUpdater:1193 - Updater busy. Cannot search thirdparties
2025-10-24 11:57:27,122 [INFO] ThirdPartyUpdaterWithRetryManager:96 - Updater plugin is busy. [3/15]
2025-10-24 11:57:27,703 [INFO] UserAuth:487 - Internet connection configuration mode: 1
2025-10-24 11:57:27,791 [INFO] WebApp:191 - Connection restablished
2025-10-24 11:57:29,552 [INFO] FileExtend:248 - Unzip File : cube-finder-db.zip
2025-10-24 11:57:29,552 [INFO] FileExtend:263 - Standard Zip Deflate
2025-10-24 11:57:30,122 [WARN] MainUpdater:1193 - Updater busy. Cannot search thirdparties
2025-10-24 11:57:30,123 [INFO] ThirdPartyUpdaterWithRetryManager:96 - Updater plugin is busy. [4/15]
2025-10-24 11:57:30,880 [INFO] LoadUrlFilesThread:156 - End of LoadUrlFiles Thread
2025-10-24 11:57:32,013 [INFO] ServerAccessManage:452 - Complete download http(s) 200
2025-10-24 11:57:32,013 [INFO] ServerAccessManage:509 - Download File crdb.zip
2025-10-24 11:57:33,123 [WARN] MainUpdater:1193 - Updater busy. Cannot search thirdparties
2025-10-24 11:57:33,123 [INFO] ThirdPartyUpdaterWithRetryManager:96 - Updater plugin is busy. [5/15]
2025-10-24 11:57:34,725 [INFO] FileExtend:248 - Unzip File : crdb.zip
2025-10-24 11:57:34,725 [INFO] FileExtend:263 - Standard Zip Deflate
2025-10-24 11:57:34,998 [INFO] LoadUrlFilesThread:156 - End of LoadUrlFiles Thread
2025-10-24 11:57:35,232 [INFO] ServerAccessManage:452 - Complete download http(s) 200
2025-10-24 11:57:35,232 [INFO] ServerAccessManage:509 - Download File tutoVideoDB.zip
2025-10-24 11:57:35,281 [INFO] FileExtend:248 - Unzip File : tutoVideoDB.zip
2025-10-24 11:57:35,281 [INFO] FileExtend:263 - Standard Zip Deflate
2025-10-24 11:57:35,387 [INFO] LoadUrlFilesThread:156 - End of LoadUrlFiles Thread
2025-10-24 11:57:35,408 [WARN] DbFile:41 - Overriding database path with different value: /home/lth/.stmcufinder/plugins/mcufinder/ => /home/lth/.stmcufinder/plugins/mcufinder
2025-10-24 11:57:35,527 [INFO] ServerAccessManage:452 - Complete download http(s) 200
2025-10-24 11:57:35,528 [INFO] ServerAccessManage:509 - Download File api_config.json
2025-10-24 11:57:35,670 [INFO] LoadUrlFilesThread:156 - End of LoadUrlFiles Thread
2025-10-24 11:57:35,670 [INFO] DbMcusAds:53 - JSON generation date=Thu Oct 02 17:36:05 MYT 2025 (1759397765645)
2025-10-24 11:57:35,796 [INFO] ServerAccessManage:452 - Complete download http(s) 200
2025-10-24 11:57:35,797 [INFO] ServerAccessManage:509 - Download File 
2025-10-24 11:57:35,840 [INFO] LoadUrlFilesThread:185 - End of LoadServerUrlFiles without Thread
2025-10-24 11:57:35,840 [INFO] TargetSelectorAdapter:259 - Refresh data is successful
2025-10-24 11:57:35,986 [INFO] ApiDb:581 - Connected to CubeFinder SQLite database (/home/lth/.stmcufinder/plugins/mcufinder/mcu/cube-finder-db.db)
2025-10-24 11:57:36,039 [INFO] ApiDb:668 - CubeFinder database Data Model version=2.1
2025-10-24 11:57:36,039 [INFO] ApiDb:669 - CubeFinder database Configuration version=3.0.39
2025-10-24 11:57:36,039 [INFO] ApiDb:670 - CubeFinder database generation date=2025-08-25 (1756130511)
2025-10-24 11:57:36,039 [INFO] ApiDb:671 - CubeFinder database FW Pack versions=[FP-ATR-ASTRA1_V2.0.0, FP-SNS-FLIGHT1_V5.1.0, FP-SNS-MOTENV1_V5.0.0, FP-SNS-MOTENVWB1_V1.4.0, FP-SNS-SMARTAG2_V1.2.0, FP-SNS-STBOX1_V2.1.0, STM32Cube_FW_C0_V1.4.0, STM32Cube_FW_F4_V1.28.3, STM32Cube_FW_F7_V1.17.4, STM32Cube_FW_G0_V1.6.2, STM32Cube_FW_G4_V1.6.1, STM32Cube_FW_H5_V1.5.0, STM32Cube_FW_H7RS_V1.2.0, STM32Cube_FW_H7_V1.12.1, STM32Cube_FW_L0_V1.12.2, STM32Cube_FW_L4_V1.18.1, STM32Cube_FW_L5_V1.5.1, STM32Cube_FW_N6_V1.2.0, STM32Cube_FW_U0_V1.3.0, STM32Cube_FW_U3_V1.2.0, STM32Cube_FW_U5_V1.8.0, STM32Cube_FW_WB0_V1.3.0, STM32Cube_FW_WBA_V1.7.0, STM32Cube_FW_WB_V1.23.0, STM32Cube_FW_WL3_V1.2.0, STM32Cube_FW_WL_V1.3.1, X-CUBE-ALGOBUILD_V1.4.0, X-CUBE-ALS_V1.0.2, X-CUBE-AZRTOS-F4_V1.1.0, X-CUBE-AZRTOS-F7_V1.1.0, X-CUBE-AZRTOS-G0_V1.1.0, X-CUBE-AZRTOS-G4_V2.0.0, X-CUBE-AZRTOS-H7RS_V1.1.0, X-CUBE-AZRTOS-H7_V3.4.0, X-CUBE-AZRTOS-L4_V2.0.0, X-CUBE-AZRTOS-L5_V2.0.0, X-CUBE-AZRTOS-WB_V2.0.0, X-CUBE-AZRTOS-WL_V2.0.0, X-CUBE-BLE1_V7.1.0, X-CUBE-BLE2_V3.3.0, X-CUBE-BLEMGR_V4.1.0, X-CUBE-EEPRMA1_V5.2.0, X-CUBE-FREERTOS_V1.3.1, X-CUBE-GNSS1_V6.0.0, X-CUBE-MEMS1_V11.3.0, X-CUBE-NFC4_V3.0.0, X-CUBE-NFC7_V2.0.0, X-CUBE-SFXS2LP1_V4.0.0, X-CUBE-ST67W61_V1.0.0, X-CUBE-SUBG2_V5.0.0, X-CUBE-TOF1_V3.4.3]
2025-10-24 11:57:36,644 [WARN] PackLoader:240 - Cannot read IP mode file for wolfSSL.I-CUBE-wolfSSL.5.2.0
2025-10-24 11:57:36,764 [WARN] PackLoader:240 - Cannot read IP mode file for STMicroelectronics.FP-SNS-MOTENVWB1.1.4.0
2025-10-24 11:57:36,778 [WARN] PackLoader:240 - Cannot read IP mode file for STMicroelectronics.FP-ATR-ASTRA1.2.0.2
2025-10-24 11:57:36,789 [WARN] PackLoader:240 - Cannot read IP mode file for STMicroelectronics.FP-ATR-ASTRA1.2.0.1
2025-10-24 11:57:36,809 [WARN] PackLoader:240 - Cannot read IP mode file for STMicroelectronics.X-CUBE-SMBUS.2.1.0
2025-10-24 11:57:36,833 [WARN] PackLoader:240 - Cannot read IP mode file for STMicroelectronics.X-CUBE-WB05N.1.1.0
2025-10-24 11:57:36,856 [WARN] PackLoader:240 - Cannot read IP mode file for STMicroelectronics.X-CUBE-ST60.1.0.0
2025-10-24 11:57:36,875 [WARN] ConditionMgr:438 - getConditionDescription Invalid condition id : SIGFOX STM32 LIB Condition cause : null
2025-10-24 11:57:36,878 [WARN] ConditionMgr:438 - getConditionDescription Invalid condition id : Sigfox Third Party LIB Condition cause : null
2025-10-24 11:57:36,880 [WARN] PackLoader:240 - Cannot read IP mode file for STMicroelectronics.X-CUBE-SFXS2LP1.2.0.0
2025-10-24 11:57:36,880 [WARN] ConditionMgr:1044 - genDependencies : Invalid condition id : SIGFOX STM32 LIB Condition cause : null
2025-10-24 11:57:36,880 [WARN] ConditionMgr:1044 - genDependencies : Invalid condition id : Sigfox Third Party LIB Condition cause : null
2025-10-24 11:57:36,880 [WARN] ConditionMgr:1044 - genDependencies : Invalid condition id : Sigfox Third Party LIB Condition cause : null
2025-10-24 11:57:36,881 [WARN] ConditionMgr:1044 - genDependencies : Invalid condition id : SIGFOX STM32 LIB Condition cause : null
2025-10-24 11:57:36,881 [WARN] ConditionMgr:1044 - genDependencies : Invalid condition id : SIGFOX STM32 LIB Condition cause : null
2025-10-24 11:57:36,881 [WARN] ConditionMgr:1044 - genDependencies : Invalid condition id : Sigfox Third Party LIB Condition cause : null
2025-10-24 11:57:36,900 [WARN] PackLoader:240 - Cannot read IP mode file for STMicroelectronics.X-CUBE-SUBG2.4.1.0
2025-10-24 11:57:36,927 [WARN] PackLoader:240 - Cannot read IP mode file for STMicroelectronics.X-CUBE-TOUCHGFX.4.23.0
2025-10-24 11:57:37,122 [WARN] PackLoader:240 - Cannot read IP mode file for STMicroelectronics.X-CUBE-MEMS1.9.2.0
2025-10-24 11:57:37,289 [WARN] PackLoader:240 - Cannot read IP mode file for STMicroelectronics.X-CUBE-TOUCHGFX.4.23.2
2025-10-24 11:57:37,325 [WARN] PackLoader:240 - Cannot read IP mode file for STMicroelectronics.X-CUBE-AZRTOS-H7.1.1.0
2025-10-24 11:57:37,380 [WARN] PackLoader:240 - Cannot read IP mode file for STMicroelectronics.X-CUBE-AZRTOS-F7.1.1.0
2025-10-24 11:57:37,397 [WARN] PackLoader:240 - Cannot read IP mode file for STMicroelectronics.X-CUBE-AI.7.1.0
2025-10-24 11:57:37,413 [WARN] PackLoader:240 - Cannot read IP mode file for STMicroelectronics.X-CUBE-TOUCHGFX.4.19.1
2025-10-24 11:57:37,427 [ERROR] RealEvaluatedCondition:428 - Found unsupported composite condition: GROUP='STM32_MetaDataManager' CLASS='Data Exchange'
2025-10-24 11:57:37,427 [ERROR] RealEvaluatedCondition:428 - Found unsupported composite condition: CLASS='Data Exchange' GROUP='STM32_MetaDataManager'
2025-10-24 11:57:37,428 [WARN] PackLoader:240 - Cannot read IP mode file for STMicroelectronics.FP-SNS-MOTENV1.4.3.0
2025-10-24 11:57:37,439 [WARN] PackLoader:240 - Cannot read IP mode file for STMicroelectronics.FP-SNS-MOTENV1.4.3.2
2025-10-24 11:57:37,452 [WARN] PackLoader:240 - Cannot read IP mode file for STMicroelectronics.FP-SNS-FLIGHT1.5.0.0
2025-10-24 11:57:37,476 [ERROR] RealEvaluatedCondition:428 - Found unsupported composite condition: GROUP='STM32_MetaDataManager' CLASS='Data Exchange'
2025-10-24 11:57:37,477 [ERROR] RealEvaluatedCondition:428 - Found unsupported composite condition: GROUP='STM32_MetaDataManager' CLASS='Data Exchange'
2025-10-24 11:57:37,477 [WARN] PackLoader:240 - Cannot read IP mode file for STMicroelectronics.FP-SNS-MOTENV1.4.3.1
2025-10-24 11:57:37,498 [WARN] PackLoader:240 - Cannot read IP mode file for STMicroelectronics.FP-SNS-FLIGHT1.5.0.1
2025-10-24 11:57:37,515 [WARN] PackLoader:240 - Cannot read IP mode file for STMicroelectronics.X-CUBE-BLE1.6.2.3
2025-10-24 11:57:37,592 [WARN] PackLoader:240 - Cannot read IP mode file for STMicroelectronics.X-CUBE-MEMS1.11.0.0
2025-10-24 11:57:37,692 [WARN] PackLoader:240 - Cannot read IP mode file for STMicroelectronics.X-CUBE-EEPRMA1.3.0.0
2025-10-24 11:57:37,711 [WARN] PackLoader:240 - Cannot read IP mode file for STMicroelectronics.X-CUBE-BLE1.6.2.4
2025-10-24 11:57:37,722 [WARN] PackLoader:240 - Cannot read IP mode file for STMicroelectronics.X-CUBE-ALGOBUILD.1.1.0
2025-10-24 11:57:37,806 [WARN] PackLoader:240 - Cannot read IP mode file for STMicroelectronics.X-CUBE-BLE1.6.2.0
2025-10-24 11:57:37,831 [WARN] PackLoader:240 - Cannot read IP mode file for STMicroelectronics.X-CUBE-BLE1.6.2.1
2025-10-24 11:57:37,856 [WARN] PackLoader:240 - Cannot read IP mode file for STMicroelectronics.X-CUBE-BLE1.6.2.2
2025-10-24 11:57:37,863 [WARN] PackLoader:240 - Cannot read IP mode file for STMicroelectronics.X-CUBE-BLE2.3.2.1
2025-10-24 11:57:37,883 [WARN] PackLoader:240 - Cannot read IP mode file for STMicroelectronics.FP-SNS-FLIGHT1.5.0.2
2025-10-24 11:57:37,891 [WARN] PackLoader:240 - Cannot read IP mode file for STMicroelectronics.X-CUBE-BLE2.3.2.2
2025-10-24 11:57:37,911 [WARN] PackLoader:240 - Cannot read IP mode file for STMicroelectronics.X-CUBE-TOUCHGFX.4.19.0
2025-10-24 11:57:37,949 [WARN] PackLoader:240 - Cannot read IP mode file for STMicroelectronics.X-CUBE-TOF1.3.1.0
2025-10-24 11:57:37,964 [WARN] PackLoader:240 - Cannot read IP mode file for STMicroelectronics.X-CUBE-BLE2.3.2.0
2025-10-24 11:57:37,996 [WARN] PackLoader:240 - Cannot read IP mode file for wolfSSL.I-CUBE-wolfSSL.5.1.1
2025-10-24 11:57:38,081 [WARN] PackLoader:240 - Cannot read IP mode file for STMicroelectronics.X-CUBE-AZRTOS-H7.3.4.0
2025-10-24 11:57:38,109 [WARN] PackLoader:240 - Cannot read IP mode file for STMicroelectronics.X-CUBE-DISPLAY.3.0.0
2025-10-24 11:57:38,129 [WARN] PackLoader:240 - Cannot read IP mode file for STMicroelectronics.X-CUBE-BLE1.7.0.0
2025-10-24 11:57:38,198 [WARN] PackLoader:240 - Cannot read IP mode file for STMicroelectronics.X-CUBE-NFC10.1.0.0
2025-10-24 11:57:38,213 [WARN] PackLoader:240 - Cannot read IP mode file for STMicroelectronics.X-CUBE-BLEMGR.4.0.0
2025-10-24 11:57:38,221 [WARN] PackLoader:240 - Cannot read IP mode file for STMicroelectronics.X-CUBE-TOUCHGFX.4.22.0
2025-10-24 11:57:38,233 [WARN] PackLoader:240 - Cannot read IP mode file for STMicroelectronics.X-CUBE-TOUCHGFX.4.22.1
2025-10-24 11:57:38,259 [WARN] PackLoader:240 - Cannot read IP mode file for STMicroelectronics.X-CUBE-SUBG2.4.2.0
2025-10-24 11:57:38,322 [WARN] PackLoader:240 - Cannot read IP mode file for STMicroelectronics.X-CUBE-AZRTOS-H7.1.0.0
2025-10-24 11:57:38,393 [WARN] PackLoader:240 - Cannot read IP mode file for STMicroelectronics.X-CUBE-MEMS1.9.3.0
2025-10-24 11:57:38,494 [WARN] PackLoader:240 - Cannot read IP mode file for STMicroelectronics.X-CUBE-AI.7.2.0
2025-10-24 11:57:38,516 [WARN] PackLoader:240 - Cannot read IP mode file for STMicroelectronics.X-CUBE-BLEMGR.3.1.0
2025-10-24 11:57:38,639 [WARN] PackLoader:240 - Cannot read IP mode file for STMicroelectronics.X-CUBE-AI.10.0.0
2025-10-24 11:57:38,667 [WARN] PackLoader:240 - Cannot read IP mode file for STMicroelectronics.FP-SNS-STBOX1.2.1.0
2025-10-24 11:57:38,759 [WARN] PackLoader:240 - Cannot read IP mode file for STMicroelectronics.FP-SNS-SMARTAG2.1.2.0
2025-10-24 11:57:38,772 [WARN] PackLoader:240 - Cannot read IP mode file for STMicroelectronics.FP-SNS-FLIGHT1.5.1.0
2025-10-24 11:57:38,827 [WARN] PackLoader:240 - Cannot read IP mode file for STMicroelectronics.X-CUBE-MEMS1.11.1.0
2025-10-24 11:57:38,928 [WARN] PackLoader:240 - Cannot read IP mode file for STMicroelectronics.X-CUBE-ALGOBUILD.1.2.1
2025-10-24 11:57:38,950 [WARN] PackLoader:240 - Cannot read IP mode file for STMicroelectronics.FP-SNS-MOTENV1.5.0.0
2025-10-24 11:57:38,960 [WARN] PackLoader:240 - Cannot read IP mode file for STMicroelectronics.X-CUBE-ALGOBUILD.1.2.0
2025-10-24 11:57:38,992 [INFO] ApiDb:240 - Found 880 in-development CPN: [B-G473E-ZEST1S, B-WB1M-WPAN1, B-WBA5M-WPAN, B-WL5M-SUBG1, NUCLEO-C031C6, NUCLEO-C051C8, NUCLEO-C071RB, NUCLEO-C092RC, NUCLEO-H503RB, NUCLEO-H533RE, NUCLEO-H563ZI, NUCLEO-H7S3L8, NUCLEO-N657X0-Q, NUCLEO-U031R8, NUCLEO-U083RC, NUCLEO-U385RG-Q, NUCLEO-U545RE-Q, NUCLEO-U5A5ZJ-Q, NUCLEO-WB05KZ, NUCLEO-WB07CC, NUCLEO-WB09KE, NUCLEO-WBA52CG, NUCLEO-WBA55CG, NUCLEO-WL33CC1, NUCLEO-WL33CC2, STEVAL-PROTEUS1, STEVAL-SMARTAG2, STEVAL-STWINBX1, STM320518-EVAL, STM32C0116-DK, STM32C011D6Y3TR, STM32C011D6Y6TR, STM32C011F4P3, STM32C011F4P6, STM32C011F4U3, STM32C011F4U6TR, STM32C011F6P3, STM32C011F6P6, STM32C011F6U3, STM32C011F6U6TR, STM32C011J4M3, STM32C011J4M6, STM32C011J6M3, STM32C011J6M6, STM32C0316-DK, STM32C031C4T3, STM32C031C4T6, STM32C031C4U3, STM32C031C4U6, STM32C031C6T3, STM32C031C6T6, STM32C031C6U3, STM32C031C6U6, STM32C031F4P3, STM32C031F4P6, STM32C031F6P3, STM32C031F6P6, STM32C031G4U3, STM32C031G4U6, STM32C031G6U3, STM32C031G6U6, STM32C031K4T3, STM32C031K4T6, STM32C031K4U3, STM32C031K4U6, STM32C031K6T3, STM32C031K6T6, STM32C031K6U3, STM32C031K6U6, STM32C051C6T6, STM32C051C6U6, STM32C051C8T6, STM32C051C8U6, STM32C051D8Y6TR, STM32C051F6P6, STM32C051F8P6, STM32C051G6U6, STM32C051G8U6, STM32C051K6T6, STM32C051K6U6, STM32C051K8T6, STM32C071C8T6, STM32C071C8T6N, STM32C071C8U6, STM32C071C8U6N, STM32C071CBT6, STM32C071CBT6N, STM32C071CBU6, STM32C071CBU6N, STM32C071F8P6, STM32C071F8P6N, STM32C071FBP6, STM32C071FBP6N, STM32C071FBY6TR, STM32C071G8U6, STM32C071G8U6N, STM32C071GBU6, STM32C071GBU6N, STM32C071K8T6, STM32C071K8T6N, STM32C071K8U6, STM32C071K8U6N, STM32C071KBT6, STM32C071KBT6N, STM32C071KBU6, STM32C071KBU6N, STM32C071R8T6, STM32C071R8T6N, STM32C071RBI6N, STM32C071RBT6, STM32C071RBT6N, STM32C091CBT6, STM32C091CBU6, STM32C091CCT6, STM32C091CCU6, STM32C091ECY6TR, STM32C091FBP6, STM32C091FCP6, STM32C091GBU6, STM32C091GCU6, STM32C091KBT6, STM32C091KBU6, STM32C091KCT6, STM32C091KCU6, STM32C091RBT6, STM32C091RCI6, STM32C091RCT6, STM32C092CBT6, STM32C092CBU6, STM32C092CCT6, STM32C092CCU6, STM32C092ECY6TR, STM32C092FBP6, STM32C092FCP6, STM32C092GBU6, STM32C092GCU6, STM32C092KBT6, STM32C092KBU6, STM32C092KCT6, STM32C092KCU6, STM32C092RBT6, STM32C092RCI6, STM32C092RCT6, STM32G071K8TXN, STM32G071K8UXN, STM32G081GBU6N, STM32G081KBT6N, STM32G081KBUXN, STM32G0B1CCT6N, STM32G0B1KCT6, STM32G0B1NEY6TR, STM32G0B1RCT6N, STM32G0C1CCT6, STM32G0C1CCT6N, STM32G0C1CCU6N, STM32G0C1CET6N, STM32G0C1CEU6N, STM32G0C1KCT6, STM32G0C1NEY6TR, STM32G0C1RCI6N, STM32G0C1RCT6N, STM32G0C1REI6N, STM32G0C1RET6N, STM32G0C1VCI6, STM32G0C1VEI6, STM32G411C6T3, STM32G411C6T6, STM32G411C6U3, STM32G411C6U6, STM32G411C8T3, STM32G411C8T6, STM32G411C8U3, STM32G411C8U6, STM32G411CBT3, STM32G411CBT6, STM32G411CBU3, STM32G411CBU6, STM32G411K6T3, STM32G411K6T6, STM32G411K6U3, STM32G411K6U6, STM32G411K8T3, STM32G411K8T6, STM32G411K8U3, STM32G411K8U6, STM32G411KBT3, STM32G411KBT6, STM32G411KBU3, STM32G411KBU6, STM32G411M6T3, STM32G411M6T6, STM32G411M8T3, STM32G411M8T6, STM32G411MBT3, STM32G411MBT6, STM32G411R6T3, STM32G411R6T6, STM32G411R8T3, STM32G411R8T6, STM32G411RBT3, STM32G411RBT6, STM32G414CBT3, STM32G414CBT6, STM32G414CBU3, STM32G414CBU6, STM32G414CCT3, STM32G414CCT6, STM32G414CCU3, STM32G414CCU6, STM32G414MBT3, STM32G414MBT6, STM32G414MCT3, STM32G414MCT6, STM32G414RBT3, STM32G414RBT6, STM32G414RCT3, STM32G414RCT6, STM32G414VBT3, STM32G414VBT6, STM32G414VCT3, STM32G414VCT6, STM32G431CBT3Z, STM32G431RBT3Z, STM32G471CCT6, STM32G471CCU6, STM32G471CET3, STM32G471CET6, STM32G471CEU3, STM32G471CEU6, STM32G471MCT6, STM32G471MET3, STM32G471MET6, STM32G471MEY6TR, STM32G471QCT6, STM32G471QET3, STM32G471RCT6, STM32G471RET3, STM32G471RET6, STM32G471VCH6, STM32G471VCI6, STM32G471VCT6, STM32G471VEH3, STM32G471VEH6, STM32G471VEI3, STM32G471VEI6, STM32G471VET3, STM32G471VET6, STM32G473QET3Z, STM32G473RET3Z, STM32G474CCT6, STM32G491RET3Z, STM32H503CBT6, STM32H503CBU6, STM32H503EBY6TR, STM32H503KBU6, STM32H503RBT6, STM32H523CCT6, STM32H523CCU6, STM32H523CET6, STM32H523CEU6, STM32H523HEY6TR, STM32H523RCT6, STM32H523RET6, STM32H523VCI6, STM32H523VCT6, STM32H523VEI6, STM32H523VET6, STM32H523ZCJ6, STM32H523ZCT6, STM32H523ZEJ6, STM32H523ZET6, STM32H533CET6, STM32H533CEU6, STM32H533HEY6TR, STM32H533RET6, STM32H533VEI6, STM32H533VET6, STM32H533ZEJ6, STM32H533ZET6, STM32H562AGI6, STM32H562AII6, STM32H562IGK6, STM32H562IGT6, STM32H562IIK6, STM32H562IIT6, STM32H562RGT6, STM32H562RGV6, STM32H562RIT6, STM32H562RIV6, STM32H562VGT6, STM32H562VIT6, STM32H562ZGT6, STM32H562ZIT6, STM32H563AGI6, STM32H563AII3Q, STM32H563AII6, STM32H563IGK6, STM32H563IGT6, STM32H563IIK3Q, STM32H563IIK6, STM32H563IIT3Q, STM32H563IIT6, STM32H563MIY3QTR, STM32H563RGT6, STM32H563RGV6, STM32H563RIT6, STM32H563RIV6, STM32H563VGT6, STM32H563VIT3Q, STM32H563VIT6, STM32H563ZGT6, STM32H563ZIT3Q, STM32H563ZIT6, STM32H573AII3Q, STM32H573AII6, STM32H573I-DK, STM32H573IIK3Q, STM32H573IIK6, STM32H573IIT3Q, STM32H573IIT6, STM32H573MIY3QTR, STM32H573RIT6, STM32H573RIV6, STM32H573VIT3Q, STM32H573VIT6, STM32H573ZIT3Q, STM32H573ZIT6, STM32H7R3A8I6, STM32H7R3I8K6, STM32H7R3I8T6, STM32H7R3L8H6, STM32H7R3L8H6H, STM32H7R3R8V6, STM32H7R3V8H6, STM32H7R3V8T6, STM32H7R3V8Y6TR, STM32H7R3Z8J6, STM32H7R3Z8T6, STM32H7R7A8I6, STM32H7R7I8K6, STM32H7R7I8T6, STM32H7R7L8H6, STM32H7R7L8H6H, STM32H7R7Z8J6, STM32H7S3A8I6, STM32H7S3I8K6, STM32H7S3I8T6, STM32H7S3L8H6, STM32H7S3L8H6H, STM32H7S3R8V6, STM32H7S3V8H6, STM32H7S3V8T6, STM32H7S3V8Y6TR, STM32H7S3Z8J6, STM32H7S3Z8T6, STM32H7S78-DK, STM32H7S7A8I6, STM32H7S7I8K6, STM32H7S7I8T6, STM32H7S7L8H6, STM32H7S7L8H6H, STM32H7S7Z8J6, STM32L4R5QGI6STR, STM32MP131AAE3, STM32MP131AAF3, STM32MP131AAG3, STM32MP131CAE3, STM32MP131CAF3, STM32MP131CAG3, STM32MP131DAE7, STM32MP131DAF7, STM32MP131DAG7, STM32MP131FAE7, STM32MP131FAF7, STM32MP131FAG7, STM32MP133AAE3, STM32MP133AAF3, STM32MP133AAG3, STM32MP133CAE3, STM32MP133CAF3, STM32MP133CAG3, STM32MP133DAE7, STM32MP133DAF7, STM32MP133DAG7, STM32MP133FAE7, STM32MP133FAF7, STM32MP133FAG7, STM32MP135AAE3, STM32MP135AAF3, STM32MP135AAG3, STM32MP135CAE3, STM32MP135CAF3, STM32MP135CAG3, STM32MP135DAE7, STM32MP135DAF7, STM32MP135DAG7, STM32MP135F-DK, STM32MP135FAE7, STM32MP135FAF7, STM32MP135FAF7T, STM32MP135FAF7U, STM32MP135FAG7, STM32MP211AAL3, STM32MP211AAM3, STM32MP211AAN3, STM32MP211AAO3, STM32MP211CAL3, STM32MP211CAM3, STM32MP211CAN3, STM32MP211CAO3, STM32MP211DAL3, STM32MP211DAM3, STM32MP211DAN3, STM32MP211DAO3, STM32MP211FAL3, STM32MP211FAM3, STM32MP211FAN3, STM32MP211FAO3, STM32MP213AAL3, STM32MP213AAM3, STM32MP213AAN3, STM32MP213AAO3, STM32MP213CAL3, STM32MP213CAM3, STM32MP213CAN3, STM32MP213CAO3, STM32MP213DAL3, STM32MP213DAM3, STM32MP213DAN3, STM32MP213DAO3, STM32MP213FAL3, STM32MP213FAM3, STM32MP213FAN3, STM32MP213FAO3, STM32MP215AAL3, STM32MP215AAM3, STM32MP215AAN3, STM32MP215AAO3, STM32MP215CAL3, STM32MP215CAM3, STM32MP215CAN3, STM32MP215CAO3, STM32MP215DAL3, STM32MP215DAM3, STM32MP215DAN3, STM32MP215DAO3, STM32MP215F-DK, STM32MP215FAL3, STM32MP215FAM3, STM32MP215FAN3, STM32MP215FAO3, STM32MP231AAJ3, STM32MP231AAK3, STM32MP231AAL3, STM32MP231CAJ3, STM32MP231CAK3, STM32MP231CAL3, STM32MP231DAJ3, STM32MP231DAK3, STM32MP231DAL3, STM32MP231FAJ3, STM32MP231FAK3, STM32MP231FAL3, STM32MP233AAJ3, STM32MP233AAK3, STM32MP233AAL3, STM32MP233CAJ3, STM32MP233CAK3, STM32MP233CAL3, STM32MP233DAJ3, STM32MP233DAK3, STM32MP233DAL3, STM32MP233FAJ3, STM32MP233FAK3, STM32MP233FAL3, STM32MP235AAJ3, STM32MP235AAK3, STM32MP235AAL3, STM32MP235CAJ3, STM32MP235CAK3, STM32MP235CAL3, STM32MP235DAJ3, STM32MP235DAK3, STM32MP235DAL3, STM32MP235FAJ3, STM32MP235FAK3, STM32MP235FAL3, STM32MP251AAI3, STM32MP251AAK3, STM32MP251AAL3, STM32MP251CAI3, STM32MP251CAK3, STM32MP251CAL3, STM32MP251DAI3, STM32MP251DAK3, STM32MP251DAL3, STM32MP251FAI3, STM32MP251FAK3, STM32MP251FAL3, STM32MP253AAI3, STM32MP253AAK3, STM32MP253AAL3, STM32MP253CAI3, STM32MP253CAK3, STM32MP253CAL3, STM32MP253DAI3, STM32MP253DAK3, STM32MP253DAL3, STM32MP253FAI3, STM32MP253FAK3, STM32MP253FAL3, STM32MP255AAI3, STM32MP255AAK3, STM32MP255AAL3, STM32MP255CAI3, STM32MP255CAK3, STM32MP255CAL3, STM32MP255DAI3, STM32MP255DAK3, STM32MP255DAL3, STM32MP255FAI3, STM32MP255FAK3, STM32MP255FAL3, STM32MP257AAI3, STM32MP257AAK3, STM32MP257AAL3, STM32MP257CAI3, STM32MP257CAK3, STM32MP257CAL3, STM32MP257DAI3, STM32MP257DAK3, STM32MP257DAL3, STM32MP257F-DK, STM32MP257F-EV1, STM32MP257FAI3, STM32MP257FAK3, STM32MP257FAL3, STM32N645A0H3Q, STM32N645B0H3Q, STM32N645I0H3Q, STM32N645L0H3Q, STM32N645X0H3Q, STM32N645Z0H3Q, STM32N647A0H3Q, STM32N647B0H3Q, STM32N647I0H3Q, STM32N647L0H3Q, STM32N647X0H3Q, STM32N647Z0H3Q, STM32N655A0H3Q, STM32N655B0H3Q, STM32N655I0H3Q, STM32N655L0H3Q, STM32N655X0H3Q, STM32N655Z0H3Q, STM32N6570-DK, STM32N657A0H3Q, STM32N657B0H3Q, STM32N657I0H3Q, STM32N657L0H3Q, STM32N657X0H3Q, STM32N657Z0H3Q, STM32U031C6T6, STM32U031C6U6, STM32U031C8T6, STM32U031C8U6, STM32U031F4P6, STM32U031F6P6, STM32U031F8P6, STM32U031G6Y6TR, STM32U031G8Y6TR, STM32U031K4U6, STM32U031K6U6, STM32U031K8U6, STM32U031R6I6, STM32U031R6T6, STM32U031R8I6, STM32U031R8T6, STM32U073C8T6, STM32U073C8U6, STM32U073CBT6, STM32U073CBU6, STM32U073CCT6, STM32U073CCU6, STM32U073H8Y6TR, STM32U073HBY6TR, STM32U073HCY6TR, STM32U073K8U6, STM32U073KBU6, STM32U073KCU6, STM32U073M8I6, STM32U073M8T6, STM32U073MBI6, STM32U073MBT6, STM32U073MCI6, STM32U073MCT6, STM32U073R8I6, STM32U073R8T6, STM32U073RBI6, STM32U073RBT6, STM32U073RCI6, STM32U073RCT6, STM32U083C-DK, STM32U083CCT6, STM32U083CCU6, STM32U083HCY6TR, STM32U083KCU6, STM32U083MCI6, STM32U083MCT6, STM32U083RCI6, STM32U083RCT6, STM32U375CET6, STM32U375CET6Q, STM32U375CEU6, STM32U375CEU6Q, STM32U375CEY6QTR, STM32U375CGT6, STM32U375CGT6Q, STM32U375CGU6, STM32U375CGU6Q, STM32U375CGY6QTR, STM32U375KEU6, STM32U375KGU6, STM32U375REI6, STM32U375REI6Q, STM32U375RET6, STM32U375RET6Q, STM32U375REY6GTR, STM32U375REY6QTR, STM32U375RGI6, STM32U375RGI6Q, STM32U375RGT6, STM32U375RGT6Q, STM32U375RGY6GTR, STM32U375RGY6QTR, STM32U375VEI6, STM32U375VEI6Q, STM32U375VET6, STM32U375VET6Q, STM32U375VGI6, STM32U375VGI6Q, STM32U375VGT6, STM32U375VGT6Q, STM32U385CGT6, STM32U385CGT6Q, STM32U385CGU6, STM32U385CGU6Q, STM32U385CGY6QTR, STM32U385KGU6, STM32U385RGI6, STM32U385RGI6Q, STM32U385RGT6, STM32U385RGT6Q, STM32U385RGY6GTR, STM32U385RGY6QTR, STM32U385VGI6, STM32U385VGI6Q, STM32U385VGT6, STM32U385VGT6Q, STM32U535CBT6, STM32U535CBT6Q, STM32U535CBU6, STM32U535CBU6Q, STM32U535CCT6, STM32U535CCT6Q, STM32U535CCU6, STM32U535CCU6Q, STM32U535CET6, STM32U535CET6Q, STM32U535CEU6, STM32U535CEU6Q, STM32U535JEY6QTR, STM32U535NCY6QTR, STM32U535NEY6QTR, STM32U535RBI6, STM32U535RBI6Q, STM32U535RBT6, STM32U535RBT6Q, STM32U535RCI6, STM32U535RCI6Q, STM32U535RCT6, STM32U535RCT6Q, STM32U535REI6, STM32U535REI6Q, STM32U535RET6, STM32U535RET6Q, STM32U535VCI6, STM32U535VCI6Q, STM32U535VCT6, STM32U535VCT6Q, STM32U535VEI6, STM32U535VEI6Q, STM32U535VET6, STM32U535VET6Q, STM32U545CET6, STM32U545CET6Q, STM32U545CEU6, STM32U545CEU6Q, STM32U545JEY6QTR, STM32U545NEY6QTR, STM32U545REI6, STM32U545REI6Q, STM32U545RET6, STM32U545RET6Q, STM32U545VEI6, STM32U545VEI6Q, STM32U545VET6, STM32U545VET6Q, STM32U595AIH6, STM32U595AIH6Q, STM32U595AJH6, STM32U595AJH6Q, STM32U595QII6, STM32U595QII6Q, STM32U595QJI6, STM32U595QJI6Q, STM32U595RIT6, STM32U595RIT6Q, STM32U595RJT6, STM32U595RJT6Q, STM32U595VIT6, STM32U595VIT6Q, STM32U595VJT6, STM32U595VJT6Q, STM32U595ZIT6, STM32U595ZIT6Q, STM32U595ZIY6QTR, STM32U595ZJT6, STM32U595ZJT6Q, STM32U595ZJY6QTR, STM32U599BJY6QTR, STM32U599NIH6Q, STM32U599NJH6Q, STM32U599VIT6Q, STM32U599VJT6, STM32U599VJT6Q, STM32U599ZIT6Q, STM32U599ZIY6QTR, STM32U599ZJT6Q, STM32U599ZJY6QTR, STM32U5A5AJH6, STM32U5A5AJH6Q, STM32U5A5QII3Q , STM32U5A5QJI6, STM32U5A5QJI6Q, STM32U5A5RJT6, STM32U5A5RJT6Q, STM32U5A5VJT6, STM32U5A5VJT6Q, STM32U5A5ZJT6, STM32U5A5ZJT6Q, STM32U5A5ZJY6QTR, STM32U5A9BJY6QTR, STM32U5A9J-DK, STM32U5A9NJH6Q, STM32U5A9VJT6Q, STM32U5A9ZJT6Q, STM32U5A9ZJY6QTR, STM32U5F7VIT6, STM32U5F7VIT6Q, STM32U5F7VJT6, STM32U5F7VJT6Q, STM32U5F9BJY6QTR, STM32U5F9NJH6Q, STM32U5F9VIT6Q, STM32U5F9VJT6Q, STM32U5F9ZIJ6QTR, STM32U5F9ZIT6Q, STM32U5F9ZJJ6QTR, STM32U5F9ZJT6Q, STM32U5G7VJT6, STM32U5G7VJT6Q, STM32U5G9BJY6QTR, STM32U5G9J-DK1, STM32U5G9J-DK2, STM32U5G9NJH6Q, STM32U5G9VJT6Q, STM32U5G9ZJJ6QTR, STM32U5G9ZJT6Q, STM32WB05KZV6TR, STM32WB05KZV7TR, STM32WB05TZF6TR, STM32WB05TZF7TR, STM32WB06CCF6TR, STM32WB06CCF7TR, STM32WB06CCV6TR, STM32WB06CCV7TR, STM32WB06KCV6TR, STM32WB06KCV7TR, STM32WB07CCF6TR, STM32WB07CCF7TR, STM32WB07CCV6TR, STM32WB07CCV7TR, STM32WB07KCV6TR, STM32WB07KCV7TR, STM32WB09KEV6TR, STM32WB09KEV7TR, STM32WB09TEF6TR, STM32WB09TEF7TR, STM32WB1MMCH6, STM32WBA50KGU6, STM32WBA50KGU6TR, STM32WBA52CEU6, STM32WBA52CEU6TR, STM32WBA52CEU7, STM32WBA52CEU7TR, STM32WBA52CGU6, STM32WBA52CGU6TR, STM32WBA52CGU6U, STM32WBA52CGU7, STM32WBA52CGU7TR, STM32WBA52KEU6, STM32WBA52KEU6TR, STM32WBA52KGU6, STM32WBA52KGU6TR, STM32WBA54CEU6, STM32WBA54CEU6TR, STM32WBA54CEU7, STM32WBA54CEU7TR, STM32WBA54CGU6, STM32WBA54CGU6TR, STM32WBA54CGU7, STM32WBA54CGU7TR, STM32WBA54KEU6, STM32WBA54KEU6TR, STM32WBA54KEU7, STM32WBA54KEU7TR, STM32WBA54KGU6, STM32WBA54KGU6TR, STM32WBA54KGU7, STM32WBA54KGU7TR, STM32WBA55CEU6, STM32WBA55CEU6TR, STM32WBA55CEU7, STM32WBA55CEU7TR, STM32WBA55CGU6, STM32WBA55CGU6TR, STM32WBA55CGU6U, STM32WBA55CGU7, STM32WBA55CGU7TR, STM32WBA55G-DK1, STM32WBA55HEF6, STM32WBA55HEF7, STM32WBA55HGF6, STM32WBA55HGF7, STM32WBA55UEI6, STM32WBA55UEI6TR, STM32WBA55UEI7, STM32WBA55UEI7TR, STM32WBA55UGI6, STM32WBA55UGI6TR, STM32WBA55UGI7, STM32WBA55UGI7TR, STM32WBA5MMGH6TR, STM32WBA62MGF6, STM32WBA62MIF6, STM32WBA65MGF7, STM32WBA65MIF6, STM32WBA65MIF7, STM32WL30K8V6, STM32WL30KBV6, STM32WL31C8V6, STM32WL31CBV6, STM32WL31K8V6, STM32WL31KBV6, STM32WL33C8V6, STM32WL33C8V6X, STM32WL33CBV6, STM32WL33CBV6X, STM32WL33CCV6, STM32WL33CCV6A, STM32WL33CCV6X, STM32WL33K8V7, STM32WL33K8V7X, STM32WL33KBV7 , STM32WL33KBV7X, STM32WL33KCV7, STM32WL33KCV7X, STM32WL5MOCH6, STM32WL5MOCH6TR]
2025-10-24 11:57:39,000 [INFO] DbMcus:218 - Found 4801 MCUs, 4801 are supported
2025-10-24 11:57:39,008 [WARN] PackLoader:240 - Cannot read IP mode file for wolfSSL.I-CUBE-wolfMQTT.1.19.0
2025-10-24 11:57:39,027 [WARN] PackLoader:240 - Cannot read IP mode file for WES.I-CUBE-Cesium.1.3.0
2025-10-24 11:57:39,028 [INFO] ApiDb:423 - Load user favorites file /home/lth/.stm32cubeide/favorites.mcus.txt: 0 item(s)
2025-10-24 11:57:39,028 [INFO] ApiDb:427 - User favorites MCUs=[]
2025-10-24 11:57:39,028 [INFO] DbMcus:224 - Set 0 / 0 favorites MCUs
2025-10-24 11:57:39,042 [WARN] PackLoader:240 - Cannot read IP mode file for STMicroelectronics.X-CUBE-BLE1.6.1.0
2025-10-24 11:57:39,062 [WARN] PackLoader:240 - Cannot read IP mode file for STMicroelectronics.X-CUBE-BLE2.3.3.0
2025-10-24 11:57:39,111 [WARN] PackLoader:240 - Cannot read IP mode file for STMicroelectronics.X-CUBE-DISPLAY.2.2.0
2025-10-24 11:57:39,129 [WARN] PackLoader:240 - Cannot read IP mode file for STMicroelectronics.X-CUBE-TOF1.3.2.0
2025-10-24 11:57:39,142 [WARN] PackLoader:240 - Cannot read IP mode file for STMicroelectronics.X-CUBE-TOUCHGFX.4.18.1
2025-10-24 11:57:39,155 [WARN] PackLoader:240 - Cannot read IP mode file for STMicroelectronics.X-CUBE-TOUCHGFX.4.18.0
2025-10-24 11:57:39,163 [WARN] PackLoader:240 - Cannot read IP mode file for STMicroelectronics.X-CUBE-ISPU.1.0.0
2025-10-24 11:57:39,173 [WARN] PackLoader:240 - Cannot read IP mode file for STMicroelectronics.X-CUBE-NFC9.1.0.0
2025-10-24 11:57:39,209 [WARN] PackLoader:240 - Cannot read IP mode file for STMicroelectronics.X-CUBE-AZRTOS-H7.2.1.0
2025-10-24 11:57:39,214 [WARN] PackLoader:240 - Cannot read IP mode file for STMicroelectronics.X-CUBE-BLE1.7.1.0
2025-10-24 11:57:39,229 [WARN] PackLoader:240 - Cannot read IP mode file for STMicroelectronics.X-CUBE-TCPP.4.1.0
2025-10-24 11:57:39,240 [WARN] PackLoader:240 - Cannot read IP mode file for STMicroelectronics.X-CUBE-EEPRMA1.5.2.0
2025-10-24 11:57:39,256 [WARN] PackLoader:240 - Cannot read IP mode file for STMicroelectronics.X-CUBE-TOUCHGFX.4.21.1
2025-10-24 11:57:39,262 [WARN] PackLoader:240 - Cannot read IP mode file for STMicroelectronics.X-CUBE-TOUCHGFX.4.21.0
2025-10-24 11:57:39,274 [WARN] PackLoader:240 - Cannot read IP mode file for STMicroelectronics.X-CUBE-TOUCHGFX.4.21.3
2025-10-24 11:57:39,290 [WARN] PackLoader:240 - Cannot read IP mode file for STMicroelectronics.X-CUBE-TOUCHGFX.4.21.4
2025-10-24 11:57:39,396 [WARN] PackLoader:240 - Cannot read IP mode file for STMicroelectronics.X-CUBE-MEMS1.9.4.0
2025-10-24 11:57:39,535 [WARN] PackLoader:240 - Cannot read IP mode file for STMicroelectronics.X-CUBE-AI.7.3.0
2025-10-24 11:57:39,544 [WARN] PackLoader:240 - Cannot read IP mode file for STMicroelectronics.X-CUBE-ST67W61.1.1.0
2025-10-24 11:57:39,552 [WARN] PackLoader:240 - Cannot read IP mode file for STMicroelectronics.X-CUBE-AI.10.1.0
2025-10-24 11:57:39,562 [WARN] PackLoader:240 - Cannot read IP mode file for AL94.I-CUBE-USBD-COMPOSITE.1.0.2
2025-10-24 11:57:39,598 [WARN] PackLoader:240 - Cannot read IP mode file for AL94.I-CUBE-USBD-COMPOSITE.1.0.1
2025-10-24 11:57:39,643 [WARN] PackLoader:240 - Cannot read IP mode file for STMicroelectronics.X-CUBE-ALGOBUILD.1.3.0
2025-10-24 11:57:39,658 [INFO] ApiDb:668 - CubeFinder database Data Model version=2.1
2025-10-24 11:57:39,658 [INFO] ApiDb:669 - CubeFinder database Configuration version=3.0.39
2025-10-24 11:57:39,658 [INFO] ApiDb:670 - CubeFinder database generation date=2025-08-25 (1756130511)
2025-10-24 11:57:39,658 [INFO] ApiDb:671 - CubeFinder database FW Pack versions=[FP-ATR-ASTRA1_V2.0.0, FP-SNS-FLIGHT1_V5.1.0, FP-SNS-MOTENV1_V5.0.0, FP-SNS-MOTENVWB1_V1.4.0, FP-SNS-SMARTAG2_V1.2.0, FP-SNS-STBOX1_V2.1.0, STM32Cube_FW_C0_V1.4.0, STM32Cube_FW_F4_V1.28.3, STM32Cube_FW_F7_V1.17.4, STM32Cube_FW_G0_V1.6.2, STM32Cube_FW_G4_V1.6.1, STM32Cube_FW_H5_V1.5.0, STM32Cube_FW_H7RS_V1.2.0, STM32Cube_FW_H7_V1.12.1, STM32Cube_FW_L0_V1.12.2, STM32Cube_FW_L4_V1.18.1, STM32Cube_FW_L5_V1.5.1, STM32Cube_FW_N6_V1.2.0, STM32Cube_FW_U0_V1.3.0, STM32Cube_FW_U3_V1.2.0, STM32Cube_FW_U5_V1.8.0, STM32Cube_FW_WB0_V1.3.0, STM32Cube_FW_WBA_V1.7.0, STM32Cube_FW_WB_V1.23.0, STM32Cube_FW_WL3_V1.2.0, STM32Cube_FW_WL_V1.3.1, X-CUBE-ALGOBUILD_V1.4.0, X-CUBE-ALS_V1.0.2, X-CUBE-AZRTOS-F4_V1.1.0, X-CUBE-AZRTOS-F7_V1.1.0, X-CUBE-AZRTOS-G0_V1.1.0, X-CUBE-AZRTOS-G4_V2.0.0, X-CUBE-AZRTOS-H7RS_V1.1.0, X-CUBE-AZRTOS-H7_V3.4.0, X-CUBE-AZRTOS-L4_V2.0.0, X-CUBE-AZRTOS-L5_V2.0.0, X-CUBE-AZRTOS-WB_V2.0.0, X-CUBE-AZRTOS-WL_V2.0.0, X-CUBE-BLE1_V7.1.0, X-CUBE-BLE2_V3.3.0, X-CUBE-BLEMGR_V4.1.0, X-CUBE-EEPRMA1_V5.2.0, X-CUBE-FREERTOS_V1.3.1, X-CUBE-GNSS1_V6.0.0, X-CUBE-MEMS1_V11.3.0, X-CUBE-NFC4_V3.0.0, X-CUBE-NFC7_V2.0.0, X-CUBE-SFXS2LP1_V4.0.0, X-CUBE-ST67W61_V1.0.0, X-CUBE-SUBG2_V5.0.0, X-CUBE-TOF1_V3.4.3]
2025-10-24 11:57:39,705 [INFO] DbBoardsSqlite:226 - include board P-NUCLEO-WB55-NUCLEO as a kit item of type 'Nucleo-64'
2025-10-24 11:57:39,706 [INFO] DbBoardsSqlite:226 - include board P-NUCLEO-WB55-USBDONGLE as a kit item of type 'Nucleo USB Dongle'
2025-10-24 11:57:39,706 [INFO] DbBoardsSqlite:226 - include board STEVAL-IDP005V1 as a kit item of type 'Evaluation Board'
2025-10-24 11:57:39,709 [INFO] DbBoardsSqlite:226 - include board STEVAL-IDP005V2 as a kit item of type 'Evaluation Board'
2025-10-24 11:57:39,722 [WARN] PackLoader:240 - Cannot read IP mode file for STMicroelectronics.X-CUBE-MEMS1.11.2.0
2025-10-24 11:57:39,755 [INFO] ApiDb:240 - Found 880 in-development CPN: [B-G473E-ZEST1S, B-WB1M-WPAN1, B-WBA5M-WPAN, B-WL5M-SUBG1, NUCLEO-C031C6, NUCLEO-C051C8, NUCLEO-C071RB, NUCLEO-C092RC, NUCLEO-H503RB, NUCLEO-H533RE, NUCLEO-H563ZI, NUCLEO-H7S3L8, NUCLEO-N657X0-Q, NUCLEO-U031R8, NUCLEO-U083RC, NUCLEO-U385RG-Q, NUCLEO-U545RE-Q, NUCLEO-U5A5ZJ-Q, NUCLEO-WB05KZ, NUCLEO-WB07CC, NUCLEO-WB09KE, NUCLEO-WBA52CG, NUCLEO-WBA55CG, NUCLEO-WL33CC1, NUCLEO-WL33CC2, STEVAL-PROTEUS1, STEVAL-SMARTAG2, STEVAL-STWINBX1, STM320518-EVAL, STM32C0116-DK, STM32C011D6Y3TR, STM32C011D6Y6TR, STM32C011F4P3, STM32C011F4P6, STM32C011F4U3, STM32C011F4U6TR, STM32C011F6P3, STM32C011F6P6, STM32C011F6U3, STM32C011F6U6TR, STM32C011J4M3, STM32C011J4M6, STM32C011J6M3, STM32C011J6M6, STM32C0316-DK, STM32C031C4T3, STM32C031C4T6, STM32C031C4U3, STM32C031C4U6, STM32C031C6T3, STM32C031C6T6, STM32C031C6U3, STM32C031C6U6, STM32C031F4P3, STM32C031F4P6, STM32C031F6P3, STM32C031F6P6, STM32C031G4U3, STM32C031G4U6, STM32C031G6U3, STM32C031G6U6, STM32C031K4T3, STM32C031K4T6, STM32C031K4U3, STM32C031K4U6, STM32C031K6T3, STM32C031K6T6, STM32C031K6U3, STM32C031K6U6, STM32C051C6T6, STM32C051C6U6, STM32C051C8T6, STM32C051C8U6, STM32C051D8Y6TR, STM32C051F6P6, STM32C051F8P6, STM32C051G6U6, STM32C051G8U6, STM32C051K6T6, STM32C051K6U6, STM32C051K8T6, STM32C071C8T6, STM32C071C8T6N, STM32C071C8U6, STM32C071C8U6N, STM32C071CBT6, STM32C071CBT6N, STM32C071CBU6, STM32C071CBU6N, STM32C071F8P6, STM32C071F8P6N, STM32C071FBP6, STM32C071FBP6N, STM32C071FBY6TR, STM32C071G8U6, STM32C071G8U6N, STM32C071GBU6, STM32C071GBU6N, STM32C071K8T6, STM32C071K8T6N, STM32C071K8U6, STM32C071K8U6N, STM32C071KBT6, STM32C071KBT6N, STM32C071KBU6, STM32C071KBU6N, STM32C071R8T6, STM32C071R8T6N, STM32C071RBI6N, STM32C071RBT6, STM32C071RBT6N, STM32C091CBT6, STM32C091CBU6, STM32C091CCT6, STM32C091CCU6, STM32C091ECY6TR, STM32C091FBP6, STM32C091FCP6, STM32C091GBU6, STM32C091GCU6, STM32C091KBT6, STM32C091KBU6, STM32C091KCT6, STM32C091KCU6, STM32C091RBT6, STM32C091RCI6, STM32C091RCT6, STM32C092CBT6, STM32C092CBU6, STM32C092CCT6, STM32C092CCU6, STM32C092ECY6TR, STM32C092FBP6, STM32C092FCP6, STM32C092GBU6, STM32C092GCU6, STM32C092KBT6, STM32C092KBU6, STM32C092KCT6, STM32C092KCU6, STM32C092RBT6, STM32C092RCI6, STM32C092RCT6, STM32G071K8TXN, STM32G071K8UXN, STM32G081GBU6N, STM32G081KBT6N, STM32G081KBUXN, STM32G0B1CCT6N, STM32G0B1KCT6, STM32G0B1NEY6TR, STM32G0B1RCT6N, STM32G0C1CCT6, STM32G0C1CCT6N, STM32G0C1CCU6N, STM32G0C1CET6N, STM32G0C1CEU6N, STM32G0C1KCT6, STM32G0C1NEY6TR, STM32G0C1RCI6N, STM32G0C1RCT6N, STM32G0C1REI6N, STM32G0C1RET6N, STM32G0C1VCI6, STM32G0C1VEI6, STM32G411C6T3, STM32G411C6T6, STM32G411C6U3, STM32G411C6U6, STM32G411C8T3, STM32G411C8T6, STM32G411C8U3, STM32G411C8U6, STM32G411CBT3, STM32G411CBT6, STM32G411CBU3, STM32G411CBU6, STM32G411K6T3, STM32G411K6T6, STM32G411K6U3, STM32G411K6U6, STM32G411K8T3, STM32G411K8T6, STM32G411K8U3, STM32G411K8U6, STM32G411KBT3, STM32G411KBT6, STM32G411KBU3, STM32G411KBU6, STM32G411M6T3, STM32G411M6T6, STM32G411M8T3, STM32G411M8T6, STM32G411MBT3, STM32G411MBT6, STM32G411R6T3, STM32G411R6T6, STM32G411R8T3, STM32G411R8T6, STM32G411RBT3, STM32G411RBT6, STM32G414CBT3, STM32G414CBT6, STM32G414CBU3, STM32G414CBU6, STM32G414CCT3, STM32G414CCT6, STM32G414CCU3, STM32G414CCU6, STM32G414MBT3, STM32G414MBT6, STM32G414MCT3, STM32G414MCT6, STM32G414RBT3, STM32G414RBT6, STM32G414RCT3, STM32G414RCT6, STM32G414VBT3, STM32G414VBT6, STM32G414VCT3, STM32G414VCT6, STM32G431CBT3Z, STM32G431RBT3Z, STM32G471CCT6, STM32G471CCU6, STM32G471CET3, STM32G471CET6, STM32G471CEU3, STM32G471CEU6, STM32G471MCT6, STM32G471MET3, STM32G471MET6, STM32G471MEY6TR, STM32G471QCT6, STM32G471QET3, STM32G471RCT6, STM32G471RET3, STM32G471RET6, STM32G471VCH6, STM32G471VCI6, STM32G471VCT6, STM32G471VEH3, STM32G471VEH6, STM32G471VEI3, STM32G471VEI6, STM32G471VET3, STM32G471VET6, STM32G473QET3Z, STM32G473RET3Z, STM32G474CCT6, STM32G491RET3Z, STM32H503CBT6, STM32H503CBU6, STM32H503EBY6TR, STM32H503KBU6, STM32H503RBT6, STM32H523CCT6, STM32H523CCU6, STM32H523CET6, STM32H523CEU6, STM32H523HEY6TR, STM32H523RCT6, STM32H523RET6, STM32H523VCI6, STM32H523VCT6, STM32H523VEI6, STM32H523VET6, STM32H523ZCJ6, STM32H523ZCT6, STM32H523ZEJ6, STM32H523ZET6, STM32H533CET6, STM32H533CEU6, STM32H533HEY6TR, STM32H533RET6, STM32H533VEI6, STM32H533VET6, STM32H533ZEJ6, STM32H533ZET6, STM32H562AGI6, STM32H562AII6, STM32H562IGK6, STM32H562IGT6, STM32H562IIK6, STM32H562IIT6, STM32H562RGT6, STM32H562RGV6, STM32H562RIT6, STM32H562RIV6, STM32H562VGT6, STM32H562VIT6, STM32H562ZGT6, STM32H562ZIT6, STM32H563AGI6, STM32H563AII3Q, STM32H563AII6, STM32H563IGK6, STM32H563IGT6, STM32H563IIK3Q, STM32H563IIK6, STM32H563IIT3Q, STM32H563IIT6, STM32H563MIY3QTR, STM32H563RGT6, STM32H563RGV6, STM32H563RIT6, STM32H563RIV6, STM32H563VGT6, STM32H563VIT3Q, STM32H563VIT6, STM32H563ZGT6, STM32H563ZIT3Q, STM32H563ZIT6, STM32H573AII3Q, STM32H573AII6, STM32H573I-DK, STM32H573IIK3Q, STM32H573IIK6, STM32H573IIT3Q, STM32H573IIT6, STM32H573MIY3QTR, STM32H573RIT6, STM32H573RIV6, STM32H573VIT3Q, STM32H573VIT6, STM32H573ZIT3Q, STM32H573ZIT6, STM32H7R3A8I6, STM32H7R3I8K6, STM32H7R3I8T6, STM32H7R3L8H6, STM32H7R3L8H6H, STM32H7R3R8V6, STM32H7R3V8H6, STM32H7R3V8T6, STM32H7R3V8Y6TR, STM32H7R3Z8J6, STM32H7R3Z8T6, STM32H7R7A8I6, STM32H7R7I8K6, STM32H7R7I8T6, STM32H7R7L8H6, STM32H7R7L8H6H, STM32H7R7Z8J6, STM32H7S3A8I6, STM32H7S3I8K6, STM32H7S3I8T6, STM32H7S3L8H6, STM32H7S3L8H6H, STM32H7S3R8V6, STM32H7S3V8H6, STM32H7S3V8T6, STM32H7S3V8Y6TR, STM32H7S3Z8J6, STM32H7S3Z8T6, STM32H7S78-DK, STM32H7S7A8I6, STM32H7S7I8K6, STM32H7S7I8T6, STM32H7S7L8H6, STM32H7S7L8H6H, STM32H7S7Z8J6, STM32L4R5QGI6STR, STM32MP131AAE3, STM32MP131AAF3, STM32MP131AAG3, STM32MP131CAE3, STM32MP131CAF3, STM32MP131CAG3, STM32MP131DAE7, STM32MP131DAF7, STM32MP131DAG7, STM32MP131FAE7, STM32MP131FAF7, STM32MP131FAG7, STM32MP133AAE3, STM32MP133AAF3, STM32MP133AAG3, STM32MP133CAE3, STM32MP133CAF3, STM32MP133CAG3, STM32MP133DAE7, STM32MP133DAF7, STM32MP133DAG7, STM32MP133FAE7, STM32MP133FAF7, STM32MP133FAG7, STM32MP135AAE3, STM32MP135AAF3, STM32MP135AAG3, STM32MP135CAE3, STM32MP135CAF3, STM32MP135CAG3, STM32MP135DAE7, STM32MP135DAF7, STM32MP135DAG7, STM32MP135F-DK, STM32MP135FAE7, STM32MP135FAF7, STM32MP135FAF7T, STM32MP135FAF7U, STM32MP135FAG7, STM32MP211AAL3, STM32MP211AAM3, STM32MP211AAN3, STM32MP211AAO3, STM32MP211CAL3, STM32MP211CAM3, STM32MP211CAN3, STM32MP211CAO3, STM32MP211DAL3, STM32MP211DAM3, STM32MP211DAN3, STM32MP211DAO3, STM32MP211FAL3, STM32MP211FAM3, STM32MP211FAN3, STM32MP211FAO3, STM32MP213AAL3, STM32MP213AAM3, STM32MP213AAN3, STM32MP213AAO3, STM32MP213CAL3, STM32MP213CAM3, STM32MP213CAN3, STM32MP213CAO3, STM32MP213DAL3, STM32MP213DAM3, STM32MP213DAN3, STM32MP213DAO3, STM32MP213FAL3, STM32MP213FAM3, STM32MP213FAN3, STM32MP213FAO3, STM32MP215AAL3, STM32MP215AAM3, STM32MP215AAN3, STM32MP215AAO3, STM32MP215CAL3, STM32MP215CAM3, STM32MP215CAN3, STM32MP215CAO3, STM32MP215DAL3, STM32MP215DAM3, STM32MP215DAN3, STM32MP215DAO3, STM32MP215F-DK, STM32MP215FAL3, STM32MP215FAM3, STM32MP215FAN3, STM32MP215FAO3, STM32MP231AAJ3, STM32MP231AAK3, STM32MP231AAL3, STM32MP231CAJ3, STM32MP231CAK3, STM32MP231CAL3, STM32MP231DAJ3, STM32MP231DAK3, STM32MP231DAL3, STM32MP231FAJ3, STM32MP231FAK3, STM32MP231FAL3, STM32MP233AAJ3, STM32MP233AAK3, STM32MP233AAL3, STM32MP233CAJ3, STM32MP233CAK3, STM32MP233CAL3, STM32MP233DAJ3, STM32MP233DAK3, STM32MP233DAL3, STM32MP233FAJ3, STM32MP233FAK3, STM32MP233FAL3, STM32MP235AAJ3, STM32MP235AAK3, STM32MP235AAL3, STM32MP235CAJ3, STM32MP235CAK3, STM32MP235CAL3, STM32MP235DAJ3, STM32MP235DAK3, STM32MP235DAL3, STM32MP235FAJ3, STM32MP235FAK3, STM32MP235FAL3, STM32MP251AAI3, STM32MP251AAK3, STM32MP251AAL3, STM32MP251CAI3, STM32MP251CAK3, STM32MP251CAL3, STM32MP251DAI3, STM32MP251DAK3, STM32MP251DAL3, STM32MP251FAI3, STM32MP251FAK3, STM32MP251FAL3, STM32MP253AAI3, STM32MP253AAK3, STM32MP253AAL3, STM32MP253CAI3, STM32MP253CAK3, STM32MP253CAL3, STM32MP253DAI3, STM32MP253DAK3, STM32MP253DAL3, STM32MP253FAI3, STM32MP253FAK3, STM32MP253FAL3, STM32MP255AAI3, STM32MP255AAK3, STM32MP255AAL3, STM32MP255CAI3, STM32MP255CAK3, STM32MP255CAL3, STM32MP255DAI3, STM32MP255DAK3, STM32MP255DAL3, STM32MP255FAI3, STM32MP255FAK3, STM32MP255FAL3, STM32MP257AAI3, STM32MP257AAK3, STM32MP257AAL3, STM32MP257CAI3, STM32MP257CAK3, STM32MP257CAL3, STM32MP257DAI3, STM32MP257DAK3, STM32MP257DAL3, STM32MP257F-DK, STM32MP257F-EV1, STM32MP257FAI3, STM32MP257FAK3, STM32MP257FAL3, STM32N645A0H3Q, STM32N645B0H3Q, STM32N645I0H3Q, STM32N645L0H3Q, STM32N645X0H3Q, STM32N645Z0H3Q, STM32N647A0H3Q, STM32N647B0H3Q, STM32N647I0H3Q, STM32N647L0H3Q, STM32N647X0H3Q, STM32N647Z0H3Q, STM32N655A0H3Q, STM32N655B0H3Q, STM32N655I0H3Q, STM32N655L0H3Q, STM32N655X0H3Q, STM32N655Z0H3Q, STM32N6570-DK, STM32N657A0H3Q, STM32N657B0H3Q, STM32N657I0H3Q, STM32N657L0H3Q, STM32N657X0H3Q, STM32N657Z0H3Q, STM32U031C6T6, STM32U031C6U6, STM32U031C8T6, STM32U031C8U6, STM32U031F4P6, STM32U031F6P6, STM32U031F8P6, STM32U031G6Y6TR, STM32U031G8Y6TR, STM32U031K4U6, STM32U031K6U6, STM32U031K8U6, STM32U031R6I6, STM32U031R6T6, STM32U031R8I6, STM32U031R8T6, STM32U073C8T6, STM32U073C8U6, STM32U073CBT6, STM32U073CBU6, STM32U073CCT6, STM32U073CCU6, STM32U073H8Y6TR, STM32U073HBY6TR, STM32U073HCY6TR, STM32U073K8U6, STM32U073KBU6, STM32U073KCU6, STM32U073M8I6, STM32U073M8T6, STM32U073MBI6, STM32U073MBT6, STM32U073MCI6, STM32U073MCT6, STM32U073R8I6, STM32U073R8T6, STM32U073RBI6, STM32U073RBT6, STM32U073RCI6, STM32U073RCT6, STM32U083C-DK, STM32U083CCT6, STM32U083CCU6, STM32U083HCY6TR, STM32U083KCU6, STM32U083MCI6, STM32U083MCT6, STM32U083RCI6, STM32U083RCT6, STM32U375CET6, STM32U375CET6Q, STM32U375CEU6, STM32U375CEU6Q, STM32U375CEY6QTR, STM32U375CGT6, STM32U375CGT6Q, STM32U375CGU6, STM32U375CGU6Q, STM32U375CGY6QTR, STM32U375KEU6, STM32U375KGU6, STM32U375REI6, STM32U375REI6Q, STM32U375RET6, STM32U375RET6Q, STM32U375REY6GTR, STM32U375REY6QTR, STM32U375RGI6, STM32U375RGI6Q, STM32U375RGT6, STM32U375RGT6Q, STM32U375RGY6GTR, STM32U375RGY6QTR, STM32U375VEI6, STM32U375VEI6Q, STM32U375VET6, STM32U375VET6Q, STM32U375VGI6, STM32U375VGI6Q, STM32U375VGT6, STM32U375VGT6Q, STM32U385CGT6, STM32U385CGT6Q, STM32U385CGU6, STM32U385CGU6Q, STM32U385CGY6QTR, STM32U385KGU6, STM32U385RGI6, STM32U385RGI6Q, STM32U385RGT6, STM32U385RGT6Q, STM32U385RGY6GTR, STM32U385RGY6QTR, STM32U385VGI6, STM32U385VGI6Q, STM32U385VGT6, STM32U385VGT6Q, STM32U535CBT6, STM32U535CBT6Q, STM32U535CBU6, STM32U535CBU6Q, STM32U535CCT6, STM32U535CCT6Q, STM32U535CCU6, STM32U535CCU6Q, STM32U535CET6, STM32U535CET6Q, STM32U535CEU6, STM32U535CEU6Q, STM32U535JEY6QTR, STM32U535NCY6QTR, STM32U535NEY6QTR, STM32U535RBI6, STM32U535RBI6Q, STM32U535RBT6, STM32U535RBT6Q, STM32U535RCI6, STM32U535RCI6Q, STM32U535RCT6, STM32U535RCT6Q, STM32U535REI6, STM32U535REI6Q, STM32U535RET6, STM32U535RET6Q, STM32U535VCI6, STM32U535VCI6Q, STM32U535VCT6, STM32U535VCT6Q, STM32U535VEI6, STM32U535VEI6Q, STM32U535VET6, STM32U535VET6Q, STM32U545CET6, STM32U545CET6Q, STM32U545CEU6, STM32U545CEU6Q, STM32U545JEY6QTR, STM32U545NEY6QTR, STM32U545REI6, STM32U545REI6Q, STM32U545RET6, STM32U545RET6Q, STM32U545VEI6, STM32U545VEI6Q, STM32U545VET6, STM32U545VET6Q, STM32U595AIH6, STM32U595AIH6Q, STM32U595AJH6, STM32U595AJH6Q, STM32U595QII6, STM32U595QII6Q, STM32U595QJI6, STM32U595QJI6Q, STM32U595RIT6, STM32U595RIT6Q, STM32U595RJT6, STM32U595RJT6Q, STM32U595VIT6, STM32U595VIT6Q, STM32U595VJT6, STM32U595VJT6Q, STM32U595ZIT6, STM32U595ZIT6Q, STM32U595ZIY6QTR, STM32U595ZJT6, STM32U595ZJT6Q, STM32U595ZJY6QTR, STM32U599BJY6QTR, STM32U599NIH6Q, STM32U599NJH6Q, STM32U599VIT6Q, STM32U599VJT6, STM32U599VJT6Q, STM32U599ZIT6Q, STM32U599ZIY6QTR, STM32U599ZJT6Q, STM32U599ZJY6QTR, STM32U5A5AJH6, STM32U5A5AJH6Q, STM32U5A5QII3Q , STM32U5A5QJI6, STM32U5A5QJI6Q, STM32U5A5RJT6, STM32U5A5RJT6Q, STM32U5A5VJT6, STM32U5A5VJT6Q, STM32U5A5ZJT6, STM32U5A5ZJT6Q, STM32U5A5ZJY6QTR, STM32U5A9BJY6QTR, STM32U5A9J-DK, STM32U5A9NJH6Q, STM32U5A9VJT6Q, STM32U5A9ZJT6Q, STM32U5A9ZJY6QTR, STM32U5F7VIT6, STM32U5F7VIT6Q, STM32U5F7VJT6, STM32U5F7VJT6Q, STM32U5F9BJY6QTR, STM32U5F9NJH6Q, STM32U5F9VIT6Q, STM32U5F9VJT6Q, STM32U5F9ZIJ6QTR, STM32U5F9ZIT6Q, STM32U5F9ZJJ6QTR, STM32U5F9ZJT6Q, STM32U5G7VJT6, STM32U5G7VJT6Q, STM32U5G9BJY6QTR, STM32U5G9J-DK1, STM32U5G9J-DK2, STM32U5G9NJH6Q, STM32U5G9VJT6Q, STM32U5G9ZJJ6QTR, STM32U5G9ZJT6Q, STM32WB05KZV6TR, STM32WB05KZV7TR, STM32WB05TZF6TR, STM32WB05TZF7TR, STM32WB06CCF6TR, STM32WB06CCF7TR, STM32WB06CCV6TR, STM32WB06CCV7TR, STM32WB06KCV6TR, STM32WB06KCV7TR, STM32WB07CCF6TR, STM32WB07CCF7TR, STM32WB07CCV6TR, STM32WB07CCV7TR, STM32WB07KCV6TR, STM32WB07KCV7TR, STM32WB09KEV6TR, STM32WB09KEV7TR, STM32WB09TEF6TR, STM32WB09TEF7TR, STM32WB1MMCH6, STM32WBA50KGU6, STM32WBA50KGU6TR, STM32WBA52CEU6, STM32WBA52CEU6TR, STM32WBA52CEU7, STM32WBA52CEU7TR, STM32WBA52CGU6, STM32WBA52CGU6TR, STM32WBA52CGU6U, STM32WBA52CGU7, STM32WBA52CGU7TR, STM32WBA52KEU6, STM32WBA52KEU6TR, STM32WBA52KGU6, STM32WBA52KGU6TR, STM32WBA54CEU6, STM32WBA54CEU6TR, STM32WBA54CEU7, STM32WBA54CEU7TR, STM32WBA54CGU6, STM32WBA54CGU6TR, STM32WBA54CGU7, STM32WBA54CGU7TR, STM32WBA54KEU6, STM32WBA54KEU6TR, STM32WBA54KEU7, STM32WBA54KEU7TR, STM32WBA54KGU6, STM32WBA54KGU6TR, STM32WBA54KGU7, STM32WBA54KGU7TR, STM32WBA55CEU6, STM32WBA55CEU6TR, STM32WBA55CEU7, STM32WBA55CEU7TR, STM32WBA55CGU6, STM32WBA55CGU6TR, STM32WBA55CGU6U, STM32WBA55CGU7, STM32WBA55CGU7TR, STM32WBA55G-DK1, STM32WBA55HEF6, STM32WBA55HEF7, STM32WBA55HGF6, STM32WBA55HGF7, STM32WBA55UEI6, STM32WBA55UEI6TR, STM32WBA55UEI7, STM32WBA55UEI7TR, STM32WBA55UGI6, STM32WBA55UGI6TR, STM32WBA55UGI7, STM32WBA55UGI7TR, STM32WBA5MMGH6TR, STM32WBA62MGF6, STM32WBA62MIF6, STM32WBA65MGF7, STM32WBA65MIF6, STM32WBA65MIF7, STM32WL30K8V6, STM32WL30KBV6, STM32WL31C8V6, STM32WL31CBV6, STM32WL31K8V6, STM32WL31KBV6, STM32WL33C8V6, STM32WL33C8V6X, STM32WL33CBV6, STM32WL33CBV6X, STM32WL33CCV6, STM32WL33CCV6A, STM32WL33CCV6X, STM32WL33K8V7, STM32WL33K8V7X, STM32WL33KBV7 , STM32WL33KBV7X, STM32WL33KCV7, STM32WL33KCV7X, STM32WL5MOCH6, STM32WL5MOCH6TR]
2025-10-24 11:57:39,813 [WARN] PackLoader:240 - Cannot read IP mode file for STMicroelectronics.X-CUBE-AZRTOS-G0.1.1.0
2025-10-24 11:57:39,817 [WARN] PackLoader:240 - Cannot read IP mode file for STMicroelectronics.X-CUBE-SAFEA1.1.2.2
2025-10-24 11:57:39,826 [WARN] PackLoader:240 - Cannot read IP mode file for STMicroelectronics.X-CUBE-NFC4.3.0.0
2025-10-24 11:57:39,863 [WARN] PackLoader:240 - Cannot read IP mode file for SEGGER.I-CUBE-embOS.1.2.0
2025-10-24 11:57:39,995 [INFO] BoardInfo:889 - No configuration file found for board P-NUCLEO-WB55
2025-10-24 11:57:39,996 [INFO] DbBoards:161 - Kit is not supported: P-NUCLEO-WB55
2025-10-24 11:57:40,000 [WARN] PackLoader:240 - Cannot read IP mode file for EmbeddedOffice.I-CUBE-FS-RTOS.1.0.1
2025-10-24 11:57:40,004 [INFO] BoardInfo:889 - No configuration file found for board STEVAL-BFA001V1B
2025-10-24 11:57:40,004 [INFO] DbBoards:161 - Kit is not supported: STEVAL-BFA001V1B
2025-10-24 11:57:40,005 [INFO] BoardInfo:889 - No configuration file found for board STEVAL-BFA001V2B
2025-10-24 11:57:40,005 [INFO] DbBoards:161 - Kit is not supported: STEVAL-BFA001V2B
2025-10-24 11:57:40,011 [WARN] PackLoader:240 - Cannot read IP mode file for STMicroelectronics.X-CUBE-DISPLAY.2.1.0
2025-10-24 11:57:40,022 [WARN] PackLoader:240 - Cannot read IP mode file for AL94.I-CUBE-USBD-COMPOSITE.1.0.3
2025-10-24 11:57:40,079 [WARN] PackLoader:240 - Cannot read IP mode file for STMicroelectronics.X-CUBE-WB05N.2.0.0
2025-10-24 11:57:40,093 [WARN] PackLoader:240 - Cannot read IP mode file for STMicroelectronics.X-CUBE-TOUCHGFX.4.17.0
2025-10-24 11:57:40,113 [WARN] PackLoader:240 - Cannot read IP mode file for STMicroelectronics.X-CUBE-BLEMGR.3.0.0
2025-10-24 11:57:40,143 [WARN] PackLoader:240 - Cannot read IP mode file for STMicroelectronics.X-CUBE-BLEMGR.1.3.0
2025-10-24 11:57:40,150 [INFO] DbBoards:168 - Found 212 boards, 209 are supported
2025-10-24 11:57:40,150 [INFO] DbBoards:169 - Found 212 boards, 43 of them is supported for  Bsp
2025-10-24 11:57:40,152 [INFO] ApiDb:423 - Load user favorites file /home/lth/.stm32cubeide/favorites.boards.txt: 0 item(s)
2025-10-24 11:57:40,152 [INFO] ApiDb:427 - User favorites Boards=[]
2025-10-24 11:57:40,152 [INFO] DbBoards:198 - Set 0 / 0 favorites Boards
2025-10-24 11:57:40,155 [INFO] ApiDb:668 - CubeFinder database Data Model version=2.1
2025-10-24 11:57:40,155 [INFO] ApiDb:669 - CubeFinder database Configuration version=3.0.39
2025-10-24 11:57:40,155 [INFO] ApiDb:670 - CubeFinder database generation date=2025-08-25 (1756130511)
2025-10-24 11:57:40,155 [INFO] ApiDb:671 - CubeFinder database FW Pack versions=[FP-ATR-ASTRA1_V2.0.0, FP-SNS-FLIGHT1_V5.1.0, FP-SNS-MOTENV1_V5.0.0, FP-SNS-MOTENVWB1_V1.4.0, FP-SNS-SMARTAG2_V1.2.0, FP-SNS-STBOX1_V2.1.0, STM32Cube_FW_C0_V1.4.0, STM32Cube_FW_F4_V1.28.3, STM32Cube_FW_F7_V1.17.4, STM32Cube_FW_G0_V1.6.2, STM32Cube_FW_G4_V1.6.1, STM32Cube_FW_H5_V1.5.0, STM32Cube_FW_H7RS_V1.2.0, STM32Cube_FW_H7_V1.12.1, STM32Cube_FW_L0_V1.12.2, STM32Cube_FW_L4_V1.18.1, STM32Cube_FW_L5_V1.5.1, STM32Cube_FW_N6_V1.2.0, STM32Cube_FW_U0_V1.3.0, STM32Cube_FW_U3_V1.2.0, STM32Cube_FW_U5_V1.8.0, STM32Cube_FW_WB0_V1.3.0, STM32Cube_FW_WBA_V1.7.0, STM32Cube_FW_WB_V1.23.0, STM32Cube_FW_WL3_V1.2.0, STM32Cube_FW_WL_V1.3.1, X-CUBE-ALGOBUILD_V1.4.0, X-CUBE-ALS_V1.0.2, X-CUBE-AZRTOS-F4_V1.1.0, X-CUBE-AZRTOS-F7_V1.1.0, X-CUBE-AZRTOS-G0_V1.1.0, X-CUBE-AZRTOS-G4_V2.0.0, X-CUBE-AZRTOS-H7RS_V1.1.0, X-CUBE-AZRTOS-H7_V3.4.0, X-CUBE-AZRTOS-L4_V2.0.0, X-CUBE-AZRTOS-L5_V2.0.0, X-CUBE-AZRTOS-WB_V2.0.0, X-CUBE-AZRTOS-WL_V2.0.0, X-CUBE-BLE1_V7.1.0, X-CUBE-BLE2_V3.3.0, X-CUBE-BLEMGR_V4.1.0, X-CUBE-EEPRMA1_V5.2.0, X-CUBE-FREERTOS_V1.3.1, X-CUBE-GNSS1_V6.0.0, X-CUBE-MEMS1_V11.3.0, X-CUBE-NFC4_V3.0.0, X-CUBE-NFC7_V2.0.0, X-CUBE-SFXS2LP1_V4.0.0, X-CUBE-ST67W61_V1.0.0, X-CUBE-SUBG2_V5.0.0, X-CUBE-TOF1_V3.4.3]
2025-10-24 11:57:40,159 [WARN] PackLoader:240 - Cannot read IP mode file for STMicroelectronics.X-CUBE-TCPP.4.2.0
2025-10-24 11:57:40,176 [WARN] PackLoader:240 - Cannot read IP mode file for RealThread.X-CUBE-RT-Thread_Nano.4.1.1
2025-10-24 11:57:40,204 [WARN] PackLoader:240 - Cannot read IP mode file for STMicroelectronics.X-CUBE-AZRTOS-H7.2.0.0
2025-10-24 11:57:40,214 [WARN] PackLoader:240 - Cannot read IP mode file for STMicroelectronics.FP-ATR-SIGFOX1.3.2.0
2025-10-24 11:57:40,227 [WARN] ConditionMgr:438 - getConditionDescription Invalid condition id : Cortex-A Device cause : null
2025-10-24 11:57:40,232 [WARN] ConditionMgr:1044 - genDependencies : Invalid condition id : Cortex-A Device cause : null
2025-10-24 11:57:40,232 [WARN] ConditionMgr:1044 - genDependencies : Invalid condition id : Cortex-A Device cause : null
2025-10-24 11:57:40,232 [WARN] ConditionMgr:1044 - genDependencies : Invalid condition id : Cortex-A Device cause : null
2025-10-24 11:57:40,238 [WARN] PackLoader:240 - Cannot read IP mode file for STMicroelectronics.X-CUBE-EEPRMA1.5.1.0
2025-10-24 11:57:40,249 [WARN] PackLoader:240 - Cannot read IP mode file for emotas.I-CUBE-CANOPEN.1.1.2
2025-10-24 11:57:40,261 [WARN] PackLoader:240 - Cannot read IP mode file for STMicroelectronics.X-CUBE-TOUCHGFX.4.20.0
2025-10-24 11:57:40,312 [WARN] PackLoader:240 - Cannot read IP mode file for STMicroelectronics.X-CUBE-MEMS1.9.5.0
2025-10-24 11:57:40,460 [WARN] PackLoader:240 - Cannot read IP mode file for STMicroelectronics.X-CUBE-ST67W61.1.0.0
2025-10-24 11:57:40,472 [WARN] PackLoader:240 - Cannot read IP mode file for STMicroelectronics.X-CUBE-AI.10.2.0
2025-10-24 11:57:40,504 [WARN] PackLoader:240 - Cannot read IP mode file for SEGGER.I-CUBE-embOS.1.3.1
2025-10-24 11:57:40,544 [WARN] PackLoader:240 - Cannot read IP mode file for STMicroelectronics.X-CUBE-ALGOBUILD.1.4.0
2025-10-24 11:57:40,644 [WARN] PackLoader:240 - Cannot read IP mode file for STMicroelectronics.X-CUBE-MEMS1.11.3.0
2025-10-24 11:57:40,711 [WARN] PackLoader:240 - Cannot read IP mode file for STMicroelectronics.X-CUBE-DISPLAY.2.0.0
2025-10-24 11:57:40,727 [WARN] PackLoader:240 - Cannot read IP mode file for STMicroelectronics.X-CUBE-DISPLAY.2.0.1
2025-10-24 11:57:40,737 [WARN] PackLoader:240 - Cannot read IP mode file for STMicroelectronics.X-CUBE-AI.9.1.0
2025-10-24 11:57:40,746 [WARN] PackLoader:240 - Cannot read IP mode file for STMicroelectronics.X-CUBE-TOUCHGFX.4.16.1
2025-10-24 11:57:40,755 [WARN] PackLoader:240 - Cannot read IP mode file for STMicroelectronics.X-CUBE-TOUCHGFX.4.16.0
2025-10-24 11:57:40,772 [WARN] PackLoader:240 - Cannot read IP mode file for STMicroelectronics.X-CUBE-TOF1.3.0.0
2025-10-24 11:57:40,789 [WARN] PackLoader:240 - Cannot read IP mode file for STMicroelectronics.X-CUBE-BLE2.3.1.0
2025-10-24 11:57:40,804 [WARN] PackLoader:240 - Cannot read IP mode file for STMicroelectronics.X-CUBE-PM33A1.1.0.0
2025-10-24 11:57:40,817 [WARN] PackLoader:240 - Cannot read IP mode file for STMicroelectronics.X-CUBE-GNSS1.6.0.0
2025-10-24 11:57:40,865 [WARN] PackLoader:240 - Cannot read IP mode file for STMicroelectronics.X-CUBE-AZRTOS-F4.1.1.0
2025-10-24 11:57:41,046 [WARN] PackLoader:240 - Cannot read IP mode file for Avnet-IotConnect.X-CUBE-IoTC-DA16k-PMOD.1.0.0
2025-10-24 11:57:41,056 [WARN] PackLoader:240 - Cannot read IP mode file for STMicroelectronics.X-CUBE-ISPU.2.1.0
2025-10-24 11:57:41,074 [WARN] PackLoader:240 - Cannot read IP mode file for STMicroelectronics.X-CUBE-IPS.3.2.0
2025-10-24 11:57:41,099 [WARN] PackLoader:240 - Cannot read IP mode file for STMicroelectronics.X-CUBE-FREERTOS.1.2.0
2025-10-24 11:57:41,114 [WARN] PackLoader:240 - Cannot read IP mode file for STMicroelectronics.X-CUBE-NFC12.1.0.0
2025-10-24 11:57:41,139 [WARN] PackLoader:240 - Cannot read IP mode file for STMicroelectronics.X-CUBE-BLEMGR.1.2.0
2025-10-24 11:57:41,170 [WARN] PackLoader:240 - Cannot read IP mode file for STMicroelectronics.X-CUBE-AZRTOS-L5.2.0.0
2025-10-24 11:57:41,196 [ERROR] DbExamplesSqlite:437 - Missing JSON key: board_cpn
2025-10-24 11:57:41,197 [ERROR] DbExamplesSqlite:437 - Missing JSON key: board_cpn
2025-10-24 11:57:41,197 [ERROR] DbExamplesSqlite:437 - Missing JSON key: board_cpn
2025-10-24 11:57:41,197 [ERROR] DbExamplesSqlite:437 - Missing JSON key: board_cpn
2025-10-24 11:57:41,213 [WARN] PackLoader:240 - Cannot read IP mode file for STMicroelectronics.X-CUBE-MEMS1.9.6.0
2025-10-24 11:57:41,299 [WARN] PackLoader:240 - Cannot read IP mode file for STMicroelectronics.X-CUBE-EEPRMA1.4.2.0
2025-10-24 11:57:41,321 [WARN] PackLoader:240 - Cannot read IP mode file for STMicroelectronics.X-CUBE-NFC6.3.1.0
2025-10-24 11:57:41,337 [WARN] PackLoader:240 - Cannot read IP mode file for ITTIA_DB.I-CUBE-ITTIADB.8.8.0
2025-10-24 11:57:41,360 [WARN] PackLoader:240 - Cannot read IP mode file for STMicroelectronics.X-CUBE-BLEMGR.2.0.0
2025-10-24 11:57:41,388 [WARN] PackLoader:240 - Cannot read IP mode file for STMicroelectronics.X-CUBE-DPower.1.2.0
2025-10-24 11:57:41,400 [WARN] PackLoader:240 - Cannot read IP mode file for STMicroelectronics.X-CUBE-NFC4.2.0.5
2025-10-24 11:57:41,410 [WARN] PackLoader:240 - Cannot read IP mode file for STMicroelectronics.X-CUBE-NFC4.2.0.4
2025-10-24 11:57:41,421 [WARN] PackLoader:240 - Cannot read IP mode file for STMicroelectronics.X-CUBE-TOUCHGFX.4.15.0
2025-10-24 11:57:41,432 [WARN] PackLoader:240 - Cannot read IP mode file for STMicroelectronics.X-CUBE-NFC4.2.0.3
2025-10-24 11:57:41,435 [WARN] PackLoader:240 - Cannot read IP mode file for wolfSSL.I-CUBE-wolfSSL.4.8.0
2025-10-24 11:57:41,446 [WARN] PackLoader:240 - Cannot read IP mode file for STMicroelectronics.X-CUBE-NFC4.2.0.2
2025-10-24 11:57:41,459 [WARN] PackLoader:240 - Cannot read IP mode file for STMicroelectronics.X-CUBE-AI.9.0.0
2025-10-24 11:57:41,462 [WARN] PackLoader:240 - Cannot read IP mode file for STMicroelectronics.X-CUBE-NFC4.2.0.1
2025-10-24 11:57:41,482 [WARN] ConditionMgr:438 - getConditionDescription Invalid condition id : UX DEVICE CLASS RTOS Condition cause : null
2025-10-24 11:57:41,483 [WARN] ConditionMgr:438 - getConditionDescription Invalid condition id : UX DEVICE CLASS RTOS Condition cause : null
2025-10-24 11:57:41,486 [WARN] PackLoader:240 - Cannot read IP mode file for STMicroelectronics.X-CUBE-AZRTOS-H7.3.1.0
2025-10-24 11:57:41,486 [WARN] ConditionMgr:1044 - genDependencies : Invalid condition id : UX DEVICE CLASS RTOS Condition cause : null
2025-10-24 11:57:41,486 [WARN] ConditionMgr:1044 - genDependencies : Invalid condition id : UX DEVICE CLASS RTOS Condition cause : null
2025-10-24 11:57:41,487 [WARN] ConditionMgr:1044 - genDependencies : Invalid condition id : UX DEVICE CLASS RTOS Condition cause : null
2025-10-24 11:57:41,487 [WARN] ConditionMgr:1044 - genDependencies : Invalid condition id : UX DEVICE CLASS RTOS Condition cause : null
2025-10-24 11:57:41,487 [WARN] ConditionMgr:1044 - genDependencies : Invalid condition id : UX DEVICE CLASS RTOS Condition cause : null
2025-10-24 11:57:41,495 [WARN] PackLoader:240 - Cannot read IP mode file for STMicroelectronics.X-CUBE-SFXS2LP1.3.1.0
2025-10-24 11:57:41,515 [WARN] PackLoader:240 - Cannot read IP mode file for STMicroelectronics.X-CUBE-AZRTOS-F4.1.0.0
2025-10-24 11:57:41,531 [WARN] PackLoader:240 - Cannot read IP mode file for STMicroelectronics.X-CUBE-SUBG2.3.0.1
2025-10-24 11:57:41,549 [ERROR] DbExamplesSqlite:437 - Missing JSON key: board_cpn
2025-10-24 11:57:41,549 [ERROR] DbExamplesSqlite:437 - Missing JSON key: board_cpn
2025-10-24 11:57:41,549 [WARN] PackLoader:240 - Cannot read IP mode file for STMicroelectronics.X-CUBE-SUBG2.3.0.0
2025-10-24 11:57:41,552 [INFO] DbExamplesSqlite:395 - Ignored 33 examples not supported by CubeIDE
2025-10-24 11:57:41,552 [INFO] DbExamplesSqlite:396 - Found 10871 examples active
2025-10-24 11:57:41,552 [INFO] DbExamplesSqlite:397 - Found 0 examples obsolete
2025-10-24 11:57:41,552 [INFO] DbExamplesSqlite:398 - Found 0 examples under development
2025-10-24 11:57:41,553 [INFO] DbExamplesSqlite:399 - Found 65 examples not building
2025-10-24 11:57:41,555 [INFO] DbExamples:125 - Found 10903 examples
2025-10-24 11:57:41,562 [WARN] PackLoader:240 - Cannot read IP mode file for STMicroelectronics.X-CUBE-TOF1.2.0.0
2025-10-24 11:57:41,565 [WARN] PackLoader:240 - Cannot read IP mode file for STMicroelectronics.X-CUBE-FREERTOS.1.3.1
2025-10-24 11:57:41,577 [INFO] DbExamples:222 - Found 134 boards with related examples
2025-10-24 11:57:41,578 [INFO] DbExamples:235 - Found 111 MCUs with related examples
2025-10-24 11:57:41,579 [WARN] PackLoader:240 - Cannot read IP mode file for STMicroelectronics.X-CUBE-FREERTOS.1.3.0
2025-10-24 11:57:41,596 [WARN] PackLoader:240 - Cannot read IP mode file for STMicroelectronics.X-CUBE-NFC7.1.0.1
2025-10-24 11:57:41,604 [WARN] PackLoader:240 - Cannot read IP mode file for STMicroelectronics.X-CUBE-NFC7.1.0.0
2025-10-24 11:57:41,608 [INFO] ApiDb:414 - User favorites file not found: /home/lth/.stm32cubeide/favorites.examples.txt
2025-10-24 11:57:41,609 [INFO] DbExamples:250 - Set 0 / 0 favorites Examples
2025-10-24 11:57:41,616 [WARN] PackLoader:240 - Cannot read IP mode file for wolfSSL.I-CUBE-wolfTPM.3.2.0
2025-10-24 11:57:41,633 [WARN] PackLoader:240 - Cannot read IP mode file for STMicroelectronics.X-CUBE-TOUCHGFX.4.26.0
2025-10-24 11:57:41,653 [WARN] PackLoader:240 - Cannot read IP mode file for STMicroelectronics.X-CUBE-NFC6.3.0.0
2025-10-24 11:57:41,673 [WARN] PackLoader:240 - Cannot read IP mode file for STMicroelectronics.X-CUBE-EEPRMA1.4.1.0
2025-10-24 11:57:41,691 [WARN] PackLoader:240 - Cannot read IP mode file for STMicroelectronics.FP-SNS-STAIOTCFT.1.0.0
2025-10-24 11:57:41,698 [WARN] PackLoader:240 - Cannot read IP mode file for STMicroelectronics.X-CUBE-DPower.1.3.0
2025-10-24 11:57:41,708 [WARN] PackLoader:240 - Cannot read IP mode file for STMicroelectronics.X-CUBE-DISPLAY.1.0.0
2025-10-24 11:57:41,719 [WARN] PackLoader:240 - Cannot read IP mode file for STMicroelectronics.X-CUBE-AI.8.1.0
2025-10-24 11:57:41,737 [WARN] PackLoader:240 - Cannot read IP mode file for STMicroelectronics.X-CUBE-AI.6.0.0
2025-10-24 11:57:41,779 [WARN] PackLoader:240 - Cannot read IP mode file for STMicroelectronics.X-CUBE-AZRTOS-G0.1.0.0
2025-10-24 11:57:41,831 [WARN] ConditionMgr:438 - getConditionDescription Invalid condition id : LAN8742 Phy interface Condition cause : null
2025-10-24 11:57:41,831 [WARN] PackLoader:240 - Cannot read IP mode file for STMicroelectronics.X-CUBE-AZRTOS-L4.2.0.0
2025-10-24 11:57:41,832 [WARN] ConditionMgr:1044 - genDependencies : Invalid condition id : LAN8742 Phy interface Condition cause : null
2025-10-24 11:57:41,832 [WARN] ConditionMgr:1044 - genDependencies : Invalid condition id : LAN8742 Phy interface Condition cause : null
2025-10-24 11:57:41,832 [WARN] ConditionMgr:1044 - genDependencies : Invalid condition id : LAN8742 Phy interface Condition cause : null
2025-10-24 11:57:41,840 [WARN] PackLoader:240 - Cannot read IP mode file for STMicroelectronics.X-CUBE-SFXS2LP1.4.0.0
2025-10-24 11:57:41,870 [WARN] PackLoader:240 - Cannot read IP mode file for wolfSSL.I-CUBE-wolfSSL.4.7.0
2025-10-24 11:57:41,931 [WARN] PackLoader:240 - Cannot read IP mode file for STMicroelectronics.X-CUBE-AI.5.2.0
2025-10-24 11:57:42,020 [WARN] PackLoader:240 - Cannot read IP mode file for STMicroelectronics.X-CUBE-AZRTOS-H7.3.0.0
2025-10-24 11:57:42,043 [WARN] PackLoader:240 - Cannot read IP mode file for STMicroelectronics.X-CUBE-ISPU.1.1.0
2025-10-24 11:57:42,047 [INFO] McuFinderGlobals:76 - Set McuFinderConnectedMode to true
2025-10-24 11:57:42,062 [INFO] MultiScanPanel:200 - Auto-refresh data requested => check proxy status ongoing
2025-10-24 11:57:42,077 [WARN] PackLoader:240 - Cannot read IP mode file for STMicroelectronics.X-CUBE-AZRTOS-H7.3.3.0
2025-10-24 11:57:42,094 [INFO] FinderPluginLoader:96 - Searching for filters in installed packs
2025-10-24 11:57:42,111 [WARN] PackLoader:240 - Cannot read IP mode file for RoweBots.I-CUBE-UNISONRTOS.5.5.0-4
2025-10-24 11:57:42,121 [WARN] PackLoader:240 - Cannot read IP mode file for STMicroelectronics.X-CUBE-SFXS2LP1.3.0.0
2025-10-24 11:57:42,165 [WARN] PackLoader:240 - Cannot read IP mode file for STMicroelectronics.X-CUBE-BLEMGR.4.1.0
2025-10-24 11:57:42,192 [WARN] PackLoader:240 - Cannot read IP mode file for STMicroelectronics.X-CUBE-AI.8.0.0
2025-10-24 11:57:42,215 [WARN] PackLoader:240 - Cannot read IP mode file for STMicroelectronics.X-CUBE-IPS.3.0.0
2025-10-24 11:57:42,219 [INFO] FinderPluginLoader:109 - Found /home/lth/STM32Cube/Repository/Packs/STMicroelectronics/X-CUBE-AI/10.0.0/CubeMX/plugins/ip/ai.10.0.0.jar
2025-10-24 11:57:42,219 [INFO] FinderPluginLoader:119 - Loading ai.10.0.0
2025-10-24 11:57:42,278 [WARN] ConditionMgr:438 - getConditionDescription Invalid condition id : UX DEVICE CLASS RTOS Condition cause : null
2025-10-24 11:57:42,278 [WARN] ConditionMgr:438 - getConditionDescription Invalid condition id : UX DEVICE CLASS RTOS Condition cause : null
2025-10-24 11:57:42,279 [WARN] PackLoader:240 - Cannot read IP mode file for STMicroelectronics.X-CUBE-AZRTOS-WB.2.0.0
2025-10-24 11:57:42,280 [WARN] ConditionMgr:1044 - genDependencies : Invalid condition id : UX DEVICE CLASS RTOS Condition cause : null
2025-10-24 11:57:42,280 [WARN] ConditionMgr:1044 - genDependencies : Invalid condition id : UX DEVICE CLASS RTOS Condition cause : null
2025-10-24 11:57:42,280 [WARN] ConditionMgr:1044 - genDependencies : Invalid condition id : UX DEVICE CLASS RTOS Condition cause : null
2025-10-24 11:57:42,280 [WARN] ConditionMgr:1044 - genDependencies : Invalid condition id : UX DEVICE CLASS RTOS Condition cause : null
2025-10-24 11:57:42,280 [WARN] ConditionMgr:1044 - genDependencies : Invalid condition id : UX DEVICE CLASS RTOS Condition cause : null
2025-10-24 11:57:42,287 [WARN] PackLoader:240 - Cannot read IP mode file for STMicroelectronics.X-CUBE-FREERTOS.1.0.0
2025-10-24 11:57:42,300 [WARN] PackLoader:240 - Cannot read IP mode file for STMicroelectronics.X-CUBE-FREERTOS.1.0.1
2025-10-24 11:57:42,316 [WARN] PackLoader:240 - Cannot read IP mode file for STMicroelectronics.X-CUBE-GNSS1.7.0.0
2025-10-24 11:57:42,338 [WARN] PackLoader:240 - Cannot read IP mode file for STMicroelectronics.X-CUBE-GNSS1.7.0.1
2025-10-24 11:57:42,351 [WARN] PackLoader:240 - Cannot read IP mode file for STMicroelectronics.X-CUBE-BLEMGR.1.0.0
2025-10-24 11:57:42,381 [WARN] PackLoader:240 - Cannot read IP mode file for STMicroelectronics.X-CUBE-MEMS1.9.0.0
2025-10-24 11:57:42,463 [WARN] PackLoader:240 - Cannot read IP mode file for STMicroelectronics.X-CUBE-TOUCHGFX.4.25.0
2025-10-24 11:57:42,478 [WARN] PackLoader:240 - Cannot read IP mode file for STMicroelectronics.FP-SNS-STBOX1.2.0.0
2025-10-24 11:57:42,542 [WARN] PackLoader:240 - Cannot read IP mode file for STMicroelectronics.X-CUBE-MEMS1.8.2.0
2025-10-24 11:57:42,548 [INFO] McuExtendedFiltersManager:95 - Add MCU extended filter: Artificial Intelligence
2025-10-24 11:57:42,630 [WARN] PackLoader:240 - Cannot read IP mode file for STMicroelectronics.X-CUBE-AZRTOS-L5.1.1.0
2025-10-24 11:57:42,647 [WARN] PackLoader:240 - Cannot read IP mode file for STMicroelectronics.X-CUBE-AI.8.0.1
2025-10-24 11:57:42,658 [WARN] PackLoader:240 - Cannot read IP mode file for STMicroelectronics.X-CUBE-SUBG2.5.0.0
2025-10-24 11:57:42,688 [WARN] PackLoader:240 - Cannot read IP mode file for STMicroelectronics.X-CUBE-AZRTOS-H7RS.1.1.0
2025-10-24 11:57:42,694 [WARN] PackLoader:240 - Cannot read IP mode file for STMicroelectronics.X-CUBE-GNSS1.5.1.0
2025-10-24 11:57:42,713 [WARN] PackLoader:240 - Cannot read IP mode file for STMicroelectronics.X-CUBE-TOF1.3.3.1
2025-10-24 11:57:42,737 [WARN] PackLoader:240 - Cannot read IP mode file for STMicroelectronics.X-CUBE-AZRTOS-G4.2.0.0
2025-10-24 11:57:42,747 [WARN] PackLoader:240 - Cannot read IP mode file for STMicroelectronics.X-CUBE-TOF1.3.3.0
2025-10-24 11:57:42,764 [WARN] PackLoader:240 - Cannot read IP mode file for STMicroelectronics.FP-ATR-ASTRA1.1.1.1
2025-10-24 11:57:42,781 [WARN] PackLoader:240 - Cannot read IP mode file for Infineon.AIROC-Wi-Fi-Bluetooth-STM32.1.5.1
2025-10-24 11:57:42,792 [WARN] PackLoader:240 - Cannot read IP mode file for STMicroelectronics.FP-ATR-ASTRA1.1.1.0
2025-10-24 11:57:42,801 [WARN] PackLoader:240 - Cannot read IP mode file for STMicroelectronics.FP-SNS-MOTENVWB1.1.3.0
2025-10-24 11:57:42,804 [WARN] PackLoader:240 - Cannot read IP mode file for STMicroelectronics.X-CUBE-NFC7.2.0.0
2025-10-24 11:57:42,811 [WARN] PackLoader:240 - Cannot read IP mode file for STMicroelectronics.FP-SNS-MOTENVWB1.1.3.1
2025-10-24 11:57:42,827 [WARN] PackLoader:240 - Cannot read IP mode file for STMicroelectronics.X-CUBE-AZRTOS-G4.1.0.0
2025-10-24 11:57:42,846 [WARN] PackLoader:240 - Cannot read IP mode file for STMicroelectronics.X-CUBE-AZRTOS-L4.1.0.0
2025-10-24 11:57:42,859 [WARN] PackLoader:240 - Cannot read IP mode file for STMicroelectronics.X-CUBE-ISPU.2.0.0
2025-10-24 11:57:42,877 [WARN] PackLoader:240 - Cannot read IP mode file for STMicroelectronics.X-CUBE-IPS.3.1.0
2025-10-24 11:57:42,887 [WARN] PackLoader:240 - Cannot read IP mode file for STMicroelectronics.X-CUBE-ALS.1.0.2
2025-10-24 11:57:42,946 [WARN] PackLoader:240 - Cannot read IP mode file for STMicroelectronics.X-CUBE-MEMS1.10.0.0
2025-10-24 11:57:43,025 [WARN] PackLoader:240 - Cannot read IP mode file for STMicroelectronics.X-CUBE-FREERTOS.1.1.0
2025-10-24 11:57:43,043 [WARN] PackLoader:240 - Cannot read IP mode file for STMicroelectronics.X-CUBE-TOUCHGFX.4.24.0
2025-10-24 11:57:43,069 [WARN] PackLoader:240 - Cannot read IP mode file for STMicroelectronics.X-CUBE-AZRTOS-F7.1.0.0
2025-10-24 11:57:43,090 [WARN] PackLoader:240 - Cannot read IP mode file for STMicroelectronics.X-CUBE-SUBG2.4.0.0
2025-10-24 11:57:43,106 [WARN] PackLoader:240 - Cannot read IP mode file for STMicroelectronics.X-CUBE-TOUCHGFX.4.24.2
2025-10-24 11:57:43,123 [WARN] PackLoader:240 - Cannot read IP mode file for STMicroelectronics.X-CUBE-AZRTOS-WL.1.0.0
2025-10-24 11:57:43,142 [WARN] PackLoader:240 - Cannot read IP mode file for STMicroelectronics.X-CUBE-TOUCHGFX.4.24.1
2025-10-24 11:57:43,157 [WARN] PackLoader:240 - Cannot read IP mode file for STMicroelectronics.X-CUBE-STSE01.1.0.0
2025-10-24 11:57:43,194 [WARN] PackLoader:240 - Cannot read IP mode file for STMicroelectronics.X-CUBE-MEMS1.9.1.0
2025-10-24 11:57:43,255 [WARN] PackLoader:240 - Cannot read IP mode file for STMicroelectronics.X-CUBE-TOF1.1.0.0
2025-10-24 11:57:43,272 [WARN] PackLoader:240 - Cannot read IP mode file for portGmbH.I-Cube-SoM-uGOAL.1.1.0
2025-10-24 11:57:43,281 [WARN] PackLoader:240 - Cannot read IP mode file for STMicroelectronics.X-CUBE-ALS.1.0.1
2025-10-24 11:57:43,291 [WARN] PackLoader:240 - Cannot read IP mode file for STMicroelectronics.X-CUBE-AI.7.0.0
2025-10-24 11:57:43,310 [WARN] PackLoader:240 - Cannot read IP mode file for STMicroelectronics.X-CUBE-AZRTOS-WB.1.1.0
2025-10-24 11:57:43,334 [WARN] PackLoader:240 - Cannot read IP mode file for STMicroelectronics.X-CUBE-MEMS1.8.3.0
2025-10-24 11:57:43,404 [WARN] PackLoader:240 - Cannot read IP mode file for STMicroelectronics.X-CUBE-AZRTOS-L5.1.0.0
2025-10-24 11:57:43,426 [WARN] PackLoader:240 - Cannot read IP mode file for STMicroelectronics.X-CUBE-ALGOBUILD.1.0.0
2025-10-24 11:57:43,462 [WARN] PackLoader:240 - Cannot read IP mode file for STMicroelectronics.X-CUBE-EEPRMA1.3.1.0
2025-10-24 11:57:43,475 [WARN] PackLoader:240 - Cannot read IP mode file for STMicroelectronics.X-CUBE-EEPRMA1.3.1.1
2025-10-24 11:57:43,497 [WARN] PackLoader:240 - Cannot read IP mode file for STMicroelectronics.X-CUBE-AZRTOS-H7RS.1.0.0
2025-10-24 11:57:43,508 [WARN] PackLoader:240 - Cannot read IP mode file for STMicroelectronics.X-CUBE-GNSS1.5.2.0
2025-10-24 11:57:43,556 [WARN] PackLoader:240 - Cannot read IP mode file for STMicroelectronics.FP-ATR-ASTRA1.2.0.0
2025-10-24 11:57:43,576 [WARN] PackLoader:240 - Cannot read IP mode file for STMicroelectronics.X-CUBE-TOF1.3.4.2
2025-10-24 11:57:43,597 [WARN] PackLoader:240 - Cannot read IP mode file for STMicroelectronics.X-CUBE-TOF1.3.4.3
2025-10-24 11:57:43,629 [WARN] PackLoader:240 - Cannot read IP mode file for STMicroelectronics.X-CUBE-TOF1.3.4.0
2025-10-24 11:57:43,691 [WARN] PackLoader:240 - Cannot read IP mode file for STMicroelectronics.X-CUBE-TOF1.3.4.1
2025-10-24 11:57:43,693 [INFO] AInterface:114 - AInterface using toolDir: /home/lth/STM32Cube/Repository//Packs/STMicroelectronics/X-CUBE-AI/10.0.0/Utilities/linux
2025-10-24 11:57:43,755 [WARN] PackLoader:240 - Cannot read IP mode file for STMicroelectronics.X-CUBE-AZRTOS-H7.3.2.0
2025-10-24 11:57:43,767 [WARN] PackLoader:240 - Cannot read IP mode file for wolfSSL.I-CUBE-wolfSSH.1.4.17
2025-10-24 11:57:43,768 [INFO] ThirdParty:978 - Integrity check success = true
2025-10-24 11:57:43,768 [INFO] IntegrityCheckThread:100 - exiting critical section [integrity check]
2025-10-24 11:57:43,768 [INFO] IntegrityCheckThread:103 - End integrity checks thread
2025-10-24 11:57:44,403 [INFO] LoadUrlFilesThread:185 - End of LoadServerUrlFiles without Thread
2025-10-24 11:57:44,413 [INFO] DetailPanel:341 - Set advertising image to /home/lth/STM32Cube/Repository//en.mcu-finder-stm32n6dk.jpg
2025-10-24 11:58:29,551 [INFO] MainUpdater:2872 - connection check result : 10
2025-10-24 11:58:29,552 [INFO] MainUpdater:2872 - connection check result : 10
2025-10-24 11:58:29,599 [INFO] MicroXplorer:468 - Change Database Path : 
2025-10-24 11:58:29,599 [INFO] MicroXplorer:498 - Change Database Version : DB.6.0.150
2025-10-24 11:58:29,608 [WARN] ThirdParty:871 - waiting for thirdparty lock release [close project]
2025-10-24 11:58:29,608 [INFO] ThirdParty:873 - entering critical section [close project]
2025-10-24 11:58:29,609 [INFO] ThirdParty:883 - exiting critical section [close project]
2025-10-24 11:58:29,610 [INFO] PinOutPanel:1589 - setPackage(No Configuration,No Configuration)
2025-10-24 11:58:29,611 [INFO] UtilMem:75 - Begin LoadConfig() Used Memory: 714538688 Bytes (911212544)
2025-10-24 11:58:29,616 [INFO] MicroXplorer:468 - Change Database Path : 
2025-10-24 11:58:29,616 [INFO] MicroXplorer:498 - Change Database Version : DB.6.0.150
2025-10-24 11:58:29,616 [INFO] OpenFileManager:355 - Change cursor
2025-10-24 11:58:29,698 [INFO] Mcu:2029 - Initializing MCU STM32L432KCUx STM32L432KCUx STM32L432KCU3
2025-10-24 11:58:31,214 [INFO] Context:786 - Trying to add GPIOservice into a context  which must be forbidden
2025-10-24 11:58:31,792 [INFO] ImportTextPane:234 - (OptionalMessage_ERROR) Unable to find key (Mcu.ThirdPartyNb) in loaded IOC file
2025-10-24 11:58:31,792 [INFO] ImportTextPane:234 - (OptionalMessage_ERROR) Unable to find key (Mcu.PinsNb) in loaded IOC file
2025-10-24 11:58:31,792 [INFO] ImportTextPane:234 - (OptionalMessage_ERROR) Pin0 (VP_RIF_VS_RIF1) cannot be retrieved for this MCU
2025-10-24 11:58:31,792 [INFO] ImportTextPane:234 - (OptionalMessage_ERROR) Unable to find key (Mcu.IPNb) in loaded IOC file
2025-10-24 11:58:32,147 [INFO] RtosManager:558 - Registered RTOS mode: class=CMSIS, group=RTOS, mode=CMSIS_V1, owner=FREERTOS
2025-10-24 11:58:32,147 [INFO] RtosManager:558 - Registered RTOS mode: class=CMSIS, group=RTOS2, mode=CMSIS_V2, owner=FREERTOS
2025-10-24 11:58:32,147 [INFO] RtosManager:558 - Registered RTOS mode: class=RTOS, group=Core, mode=CMSIS_V1, owner=FREERTOS
2025-10-24 11:58:32,147 [INFO] RtosManager:558 - Registered RTOS mode: class=RTOS, group=Core, mode=CMSIS_V2, owner=FREERTOS
2025-10-24 11:58:32,147 [WARN] ModelIntegratedComponent:184 - Missing modes for component STMicroelectronics:FreeRTOS:0.0.1:STMicroelectronics:RTOS:FreeRTOS:Core:::10.2.0:
2025-10-24 11:58:32,161 [WARN] ModelIntegratedComponent:63 - No mode defined for component null
2025-10-24 11:58:32,161 [WARN] ModelIntegratedComponent:63 - No mode defined for component null
2025-10-24 11:58:32,161 [WARN] ModelIntegratedComponent:63 - No mode defined for component null
2025-10-24 11:58:32,161 [WARN] ModelIntegratedComponent:63 - No mode defined for component null
2025-10-24 11:58:32,161 [WARN] ModelIntegratedComponent:63 - No mode defined for component null
2025-10-24 11:58:32,161 [WARN] ModelIntegratedComponent:63 - No mode defined for component null
2025-10-24 11:58:32,161 [WARN] ModelIntegratedComponent:63 - No mode defined for component null
2025-10-24 11:58:32,161 [WARN] ModelIntegratedComponent:63 - No mode defined for component null
2025-10-24 11:58:32,161 [WARN] ModelIntegratedComponent:63 - No mode defined for component null
2025-10-24 11:58:32,161 [WARN] ModelIntegratedComponent:63 - No mode defined for component null
2025-10-24 11:58:32,161 [WARN] ModelIntegratedComponent:63 - No mode defined for component null
2025-10-24 11:58:32,162 [WARN] ModelIntegratedComponent:63 - No mode defined for component null
2025-10-24 11:58:32,162 [WARN] ModelIntegratedComponent:63 - No mode defined for component null
2025-10-24 11:58:32,162 [WARN] ModelIntegratedComponent:63 - No mode defined for component null
2025-10-24 11:58:32,162 [WARN] ModelIntegratedComponent:63 - No mode defined for component null
2025-10-24 11:58:32,162 [WARN] ModelIntegratedComponent:63 - No mode defined for component null
2025-10-24 11:58:32,162 [WARN] ModelIntegratedComponent:63 - No mode defined for component null
2025-10-24 11:58:32,162 [WARN] ModelIntegratedComponent:63 - No mode defined for component null
2025-10-24 11:58:32,162 [WARN] ModelIntegratedComponent:63 - No mode defined for component null
2025-10-24 11:58:32,162 [WARN] ModelIntegratedComponent:63 - No mode defined for component null
2025-10-24 11:58:32,162 [WARN] ModelIntegratedComponent:63 - No mode defined for component null
2025-10-24 11:58:32,162 [WARN] ModelIntegratedComponent:63 - No mode defined for component null
2025-10-24 11:58:32,162 [WARN] ModelIntegratedComponent:63 - No mode defined for component null
2025-10-24 11:58:32,162 [WARN] ModelIntegratedComponent:63 - No mode defined for component null
2025-10-24 11:58:32,162 [WARN] ModelIntegratedComponent:63 - No mode defined for component null
2025-10-24 11:58:32,162 [WARN] ModelIntegratedComponent:63 - No mode defined for component null
2025-10-24 11:58:32,162 [WARN] ModelIntegratedComponent:63 - No mode defined for component null
2025-10-24 11:58:32,162 [WARN] ModelIntegratedComponent:63 - No mode defined for component null
2025-10-24 11:58:32,162 [WARN] ModelIntegratedComponent:63 - No mode defined for component null
2025-10-24 11:58:32,162 [WARN] ModelIntegratedComponent:63 - No mode defined for component null
2025-10-24 11:58:32,162 [WARN] ModelIntegratedComponent:63 - No mode defined for component null
2025-10-24 11:58:32,162 [WARN] ModelIntegratedComponent:63 - No mode defined for component null
2025-10-24 11:58:32,163 [WARN] ModelIntegratedComponent:63 - No mode defined for component null
2025-10-24 11:58:32,163 [WARN] ModelIntegratedComponent:63 - No mode defined for component null
2025-10-24 11:58:32,164 [WARN] ModelIntegratedComponent:63 - No mode defined for component null
2025-10-24 11:58:32,164 [WARN] ModelPack:524 - Component already loaded: STMicroelectronics:HAL Drivers:0.0.0:STMicroelectronics:Device:STMicro_Driver:XSPI:HAL::0.0.1:HAL_XSPI
2025-10-24 11:58:33,133 [INFO] ThirdPartyModel:298 - Start build external matchings
2025-10-24 11:58:51,147 [INFO] ThirdPartyModel:316 - End build external matchings
2025-10-24 11:58:51,947 [INFO] UtilMem:75 - End LoadConfig() Used Memory: 842471016 Bytes (1073741824)
2025-10-24 11:58:51,965 [WARN] ThirdParty:833 - waiting for thirdparty lock release [change project]
2025-10-24 11:58:51,965 [INFO] ThirdParty:835 - entering critical section [change project]
2025-10-24 11:58:51,965 [INFO] ThirdParty:1030 - CMSIS Pack Vendor :wolfSSL I-CUBE-wolfSSL 5.2.0
2025-10-24 11:58:51,965 [INFO] ThirdParty:1030 - CMSIS Pack Vendor :STMicroelectronics USBPD 4.1
2025-10-24 11:58:51,965 [INFO] ThirdParty:1030 - CMSIS Pack Vendor :STMicroelectronics USB_HOST 2.0.0
2025-10-24 11:58:51,965 [INFO] ThirdParty:1030 - CMSIS Pack Vendor :STMicroelectronics FP-SNS-MOTENVWB1 1.4.0
2025-10-24 11:58:51,966 [INFO] ThirdParty:1030 - CMSIS Pack Vendor :STMicroelectronics FP-ATR-ASTRA1 2.0.2
2025-10-24 11:58:51,966 [INFO] ThirdParty:1030 - CMSIS Pack Vendor :STMicroelectronics FP-ATR-ASTRA1 2.0.1
2025-10-24 11:58:51,966 [INFO] ThirdParty:1030 - CMSIS Pack Vendor :STMicroelectronics X-CUBE-SMBUS 2.1.0
2025-10-24 11:58:51,966 [INFO] ThirdParty:1030 - CMSIS Pack Vendor :STMicroelectronics X-CUBE-WB05N 1.1.0
2025-10-24 11:58:51,966 [INFO] ThirdParty:1030 - CMSIS Pack Vendor :STMicroelectronics X-CUBE-ST60 1.0.0
2025-10-24 11:58:51,966 [INFO] ThirdParty:1030 - CMSIS Pack Vendor :STMicroelectronics X-CUBE-SFXS2LP1 2.0.0
2025-10-24 11:58:51,966 [INFO] ThirdParty:1030 - CMSIS Pack Vendor :STMicroelectronics X-CUBE-SUBG2 4.1.0
2025-10-24 11:58:51,966 [INFO] ThirdParty:1030 - CMSIS Pack Vendor :STMicroelectronics X-CUBE-TOUCHGFX 4.23.0
2025-10-24 11:58:51,966 [INFO] ThirdParty:1030 - CMSIS Pack Vendor :STMicroelectronics X-CUBE-MEMS1 9.2.0
2025-10-24 11:58:51,966 [INFO] ThirdParty:1030 - CMSIS Pack Vendor :STMicroelectronics X-CUBE-TOUCHGFX 4.23.2
2025-10-24 11:58:51,966 [INFO] ThirdParty:1030 - CMSIS Pack Vendor :STMicroelectronics X-CUBE-AZRTOS-H7 1.1.0
2025-10-24 11:58:51,966 [INFO] ThirdParty:1030 - CMSIS Pack Vendor :STMicroelectronics X-CUBE-AZRTOS-F7 1.1.0
2025-10-24 11:58:51,966 [INFO] ThirdParty:1030 - CMSIS Pack Vendor :STMicroelectronics USB_DEVICE 2.0.0
2025-10-24 11:58:51,966 [INFO] ThirdParty:1030 - CMSIS Pack Vendor :STMicroelectronics X-CUBE-AI 7.1.0
2025-10-24 11:58:51,966 [INFO] ThirdParty:1030 - CMSIS Pack Vendor :STMicroelectronics X-CUBE-TOUCHGFX 4.19.1
2025-10-24 11:58:51,966 [INFO] ThirdParty:1030 - CMSIS Pack Vendor :STMicroelectronics FP-SNS-MOTENV1 4.3.0
2025-10-24 11:58:51,966 [INFO] ThirdParty:1030 - CMSIS Pack Vendor :STMicroelectronics FP-SNS-MOTENV1 4.3.2
2025-10-24 11:58:51,966 [INFO] ThirdParty:1030 - CMSIS Pack Vendor :STMicroelectronics FP-SNS-FLIGHT1 5.0.0
2025-10-24 11:58:51,966 [INFO] ThirdParty:1030 - CMSIS Pack Vendor :STMicroelectronics FP-SNS-MOTENV1 4.3.1
2025-10-24 11:58:51,966 [INFO] ThirdParty:1030 - CMSIS Pack Vendor :STMicroelectronics FP-SNS-FLIGHT1 5.0.1
2025-10-24 11:58:51,966 [INFO] ThirdParty:1030 - CMSIS Pack Vendor :STMicroelectronics X-CUBE-BLE1 6.2.3
2025-10-24 11:58:51,966 [INFO] ThirdParty:1030 - CMSIS Pack Vendor :STMicroelectronics X-CUBE-MEMS1 11.0.0
2025-10-24 11:58:51,966 [INFO] ThirdParty:1030 - CMSIS Pack Vendor :STMicroelectronics X-CUBE-EEPRMA1 3.0.0
2025-10-24 11:58:51,966 [INFO] ThirdParty:1030 - CMSIS Pack Vendor :STMicroelectronics X-CUBE-BLE1 6.2.4
2025-10-24 11:58:51,966 [INFO] ThirdParty:1030 - CMSIS Pack Vendor :STMicroelectronics FreeRTOS 0.0.1
2025-10-24 11:58:51,966 [INFO] ThirdParty:1030 - CMSIS Pack Vendor :STMicroelectronics X-CUBE-ALGOBUILD 1.1.0
2025-10-24 11:58:51,966 [INFO] ThirdParty:1030 - CMSIS Pack Vendor :STMicroelectronics X-CUBE-BLE1 6.2.0
2025-10-24 11:58:51,966 [INFO] ThirdParty:1030 - CMSIS Pack Vendor :STMicroelectronics X-CUBE-BLE1 6.2.1
2025-10-24 11:58:51,966 [INFO] ThirdParty:1030 - CMSIS Pack Vendor :STMicroelectronics X-CUBE-BLE1 6.2.2
2025-10-24 11:58:51,966 [INFO] ThirdParty:1030 - CMSIS Pack Vendor :STMicroelectronics X-CUBE-BLE2 3.2.1
2025-10-24 11:58:51,966 [INFO] ThirdParty:1030 - CMSIS Pack Vendor :STMicroelectronics FP-SNS-FLIGHT1 5.0.2
2025-10-24 11:58:51,966 [INFO] ThirdParty:1030 - CMSIS Pack Vendor :STMicroelectronics X-CUBE-BLE2 3.2.2
2025-10-24 11:58:51,966 [INFO] ThirdParty:1030 - CMSIS Pack Vendor :STMicroelectronics X-CUBE-TOUCHGFX 4.19.0
2025-10-24 11:58:51,967 [INFO] ThirdParty:1030 - CMSIS Pack Vendor :STMicroelectronics X-CUBE-TOF1 3.1.0
2025-10-24 11:58:51,967 [INFO] ThirdParty:1030 - CMSIS Pack Vendor :STMicroelectronics X-CUBE-BLE2 3.2.0
2025-10-24 11:58:51,967 [INFO] ThirdParty:1030 - CMSIS Pack Vendor :wolfSSL I-CUBE-wolfSSL 5.1.1
2025-10-24 11:58:51,967 [INFO] ThirdParty:1030 - CMSIS Pack Vendor :STMicroelectronics X-CUBE-AZRTOS-H7 3.4.0
2025-10-24 11:58:51,967 [INFO] ThirdParty:1030 - CMSIS Pack Vendor :STMicroelectronics X-CUBE-DISPLAY 3.0.0
2025-10-24 11:58:51,967 [INFO] ThirdParty:1030 - CMSIS Pack Vendor :STMicroelectronics X-CUBE-BLE1 7.0.0
2025-10-24 11:58:51,967 [INFO] ThirdParty:1030 - CMSIS Pack Vendor :STMicroelectronics X-CUBE-NFC10 1.0.0
2025-10-24 11:58:51,967 [INFO] ThirdParty:1030 - CMSIS Pack Vendor :STMicroelectronics X-CUBE-BLEMGR 4.0.0
2025-10-24 11:58:51,967 [INFO] ThirdParty:1030 - CMSIS Pack Vendor :STMicroelectronics HAL Drivers 0.0.0
2025-10-24 11:58:51,967 [INFO] ThirdParty:1030 - CMSIS Pack Vendor :STMicroelectronics X-CUBE-TOUCHGFX 4.22.0
2025-10-24 11:58:51,967 [INFO] ThirdParty:1030 - CMSIS Pack Vendor :STMicroelectronics X-CUBE-TOUCHGFX 4.22.1
2025-10-24 11:58:51,967 [INFO] ThirdParty:1030 - CMSIS Pack Vendor :STMicroelectronics X-CUBE-SUBG2 4.2.0
2025-10-24 11:58:51,967 [INFO] ThirdParty:1030 - CMSIS Pack Vendor :STMicroelectronics X-CUBE-AZRTOS-H7 1.0.0
2025-10-24 11:58:51,967 [INFO] ThirdParty:1030 - CMSIS Pack Vendor :STMicroelectronics X-CUBE-MEMS1 9.3.0
2025-10-24 11:58:51,967 [INFO] ThirdParty:1030 - CMSIS Pack Vendor :STMicroelectronics X-CUBE-AI 7.2.0
2025-10-24 11:58:51,967 [INFO] ThirdParty:1030 - CMSIS Pack Vendor :STMicroelectronics X-CUBE-BLEMGR 3.1.0
2025-10-24 11:58:51,967 [INFO] ThirdParty:1030 - CMSIS Pack Vendor :STMicroelectronics X-CUBE-AI 10.0.0
2025-10-24 11:58:51,967 [INFO] ThirdParty:1030 - CMSIS Pack Vendor :STMicroelectronics FP-SNS-STBOX1 2.1.0
2025-10-24 11:58:51,967 [INFO] ThirdParty:1030 - CMSIS Pack Vendor :ARM CMSIS 5.6.0
2025-10-24 11:58:51,967 [INFO] ThirdParty:1030 - CMSIS Pack Vendor :STMicroelectronics FP-SNS-SMARTAG2 1.2.0
2025-10-24 11:58:51,967 [INFO] ThirdParty:1030 - CMSIS Pack Vendor :STMicroelectronics FP-SNS-FLIGHT1 5.1.0
2025-10-24 11:58:51,968 [INFO] ThirdParty:1030 - CMSIS Pack Vendor :STMicroelectronics X-CUBE-MEMS1 11.1.0
2025-10-24 11:58:51,968 [INFO] ThirdParty:1030 - CMSIS Pack Vendor :STMicroelectronics X-CUBE-ALGOBUILD 1.2.1
2025-10-24 11:58:51,968 [INFO] ThirdParty:1030 - CMSIS Pack Vendor :STMicroelectronics FP-SNS-MOTENV1 5.0.0
2025-10-24 11:58:51,968 [INFO] ThirdParty:1030 - CMSIS Pack Vendor :STMicroelectronics X-CUBE-ALGOBUILD 1.2.0
2025-10-24 11:58:51,968 [INFO] ThirdParty:1030 - CMSIS Pack Vendor :wolfSSL I-CUBE-wolfMQTT 1.19.0
2025-10-24 11:58:51,968 [INFO] ThirdParty:1030 - CMSIS Pack Vendor :STMicroelectronics ThreadX 0.0.2
2025-10-24 11:58:51,968 [INFO] ThirdParty:1030 - CMSIS Pack Vendor :WES I-CUBE-Cesium 1.3.0
2025-10-24 11:58:51,968 [INFO] ThirdParty:1030 - CMSIS Pack Vendor :STMicroelectronics X-CUBE-BLE1 6.1.0
2025-10-24 11:58:51,968 [INFO] ThirdParty:1030 - CMSIS Pack Vendor :STMicroelectronics X-CUBE-BLE2 3.3.0
2025-10-24 11:58:51,968 [INFO] ThirdParty:1030 - CMSIS Pack Vendor :STMicroelectronics X-CUBE-DISPLAY 2.2.0
2025-10-24 11:58:51,968 [INFO] ThirdParty:1030 - CMSIS Pack Vendor :STMicroelectronics X-CUBE-TOF1 3.2.0
2025-10-24 11:58:51,968 [INFO] ThirdParty:1030 - CMSIS Pack Vendor :STMicroelectronics X-CUBE-TOUCHGFX 4.18.1
2025-10-24 11:58:51,968 [INFO] ThirdParty:1030 - CMSIS Pack Vendor :STMicroelectronics X-CUBE-TOUCHGFX 4.18.0
2025-10-24 11:58:51,968 [INFO] ThirdParty:1030 - CMSIS Pack Vendor :STMicroelectronics X-CUBE-ISPU 1.0.0
2025-10-24 11:58:51,968 [INFO] ThirdParty:1030 - CMSIS Pack Vendor :STMicroelectronics X-CUBE-NFC9 1.0.0
2025-10-24 11:58:51,968 [INFO] ThirdParty:1030 - CMSIS Pack Vendor :STMicroelectronics X-CUBE-AZRTOS-H7 2.1.0
2025-10-24 11:58:51,968 [INFO] ThirdParty:1030 - CMSIS Pack Vendor :STMicroelectronics X-CUBE-BLE1 7.1.0
2025-10-24 11:58:51,968 [INFO] ThirdParty:1030 - CMSIS Pack Vendor :STMicroelectronics USB_DEVICE 3.0.0
2025-10-24 11:58:51,968 [INFO] ThirdParty:1030 - CMSIS Pack Vendor :STMicroelectronics X-CUBE-TCPP 4.1.0
2025-10-24 11:58:51,968 [INFO] ThirdParty:1030 - CMSIS Pack Vendor :STMicroelectronics X-CUBE-EEPRMA1 5.2.0
2025-10-24 11:58:51,968 [INFO] ThirdParty:1030 - CMSIS Pack Vendor :STMicroelectronics X-CUBE-TOUCHGFX 4.21.1
2025-10-24 11:58:51,968 [INFO] ThirdParty:1030 - CMSIS Pack Vendor :STMicroelectronics X-CUBE-TOUCHGFX 4.21.0
2025-10-24 11:58:51,968 [INFO] ThirdParty:1030 - CMSIS Pack Vendor :STMicroelectronics X-CUBE-TOUCHGFX 4.21.3
2025-10-24 11:58:51,968 [INFO] ThirdParty:1030 - CMSIS Pack Vendor :STMicroelectronics X-CUBE-TOUCHGFX 4.21.4
2025-10-24 11:58:51,968 [INFO] ThirdParty:1030 - CMSIS Pack Vendor :STMicroelectronics X-CUBE-MEMS1 9.4.0
2025-10-24 11:58:51,968 [INFO] ThirdParty:1030 - CMSIS Pack Vendor :STMicroelectronics X-CUBE-AI 7.3.0
2025-10-24 11:58:51,969 [INFO] ThirdParty:1030 - CMSIS Pack Vendor :STMicroelectronics X-CUBE-ST67W61 1.1.0
2025-10-24 11:58:51,969 [INFO] ThirdParty:1030 - CMSIS Pack Vendor :STMicroelectronics X-CUBE-AI 10.1.0
2025-10-24 11:58:51,969 [INFO] ThirdParty:1030 - CMSIS Pack Vendor :AL94 I-CUBE-USBD-COMPOSITE 1.0.2
2025-10-24 11:58:51,969 [INFO] ThirdParty:1030 - CMSIS Pack Vendor :AL94 I-CUBE-USBD-COMPOSITE 1.0.1
2025-10-24 11:58:51,969 [INFO] ThirdParty:1030 - CMSIS Pack Vendor :STMicroelectronics X-CUBE-ALGOBUILD 1.3.0
2025-10-24 11:58:51,969 [INFO] ThirdParty:1030 - CMSIS Pack Vendor :STMicroelectronics X-CUBE-MEMS1 11.2.0
2025-10-24 11:58:51,969 [INFO] ThirdParty:1030 - CMSIS Pack Vendor :STMicroelectronics X-CUBE-AZRTOS-G0 1.1.0
2025-10-24 11:58:51,969 [INFO] ThirdParty:1030 - CMSIS Pack Vendor :STMicroelectronics X-CUBE-SAFEA1 1.2.2
2025-10-24 11:58:51,969 [INFO] ThirdParty:1030 - CMSIS Pack Vendor :STMicroelectronics X-CUBE-NFC4 3.0.0
2025-10-24 11:58:51,969 [INFO] ThirdParty:1030 - CMSIS Pack Vendor :SEGGER I-CUBE-embOS 1.2.0
2025-10-24 11:58:51,969 [INFO] ThirdParty:1030 - CMSIS Pack Vendor :EmbeddedOffice I-CUBE-FS-RTOS 1.0.1
2025-10-24 11:58:51,969 [INFO] ThirdParty:1030 - CMSIS Pack Vendor :STMicroelectronics X-CUBE-DISPLAY 2.1.0
2025-10-24 11:58:51,969 [INFO] ThirdParty:1030 - CMSIS Pack Vendor :AL94 I-CUBE-USBD-COMPOSITE 1.0.3
2025-10-24 11:58:51,969 [INFO] ThirdParty:1030 - CMSIS Pack Vendor :STMicroelectronics X-CUBE-WB05N 2.0.0
2025-10-24 11:58:51,969 [INFO] ThirdParty:1030 - CMSIS Pack Vendor :STMicroelectronics X-CUBE-TOUCHGFX 4.17.0
2025-10-24 11:58:51,969 [INFO] ThirdParty:1030 - CMSIS Pack Vendor :STMicroelectronics PDM2PCM 3.1.0
2025-10-24 11:58:51,970 [INFO] ThirdParty:1030 - CMSIS Pack Vendor :STMicroelectronics X-CUBE-BLEMGR 3.0.0
2025-10-24 11:58:51,970 [INFO] ThirdParty:1030 - CMSIS Pack Vendor :STMicroelectronics X-CUBE-BLEMGR 1.3.0
2025-10-24 11:58:51,970 [INFO] ThirdParty:1030 - CMSIS Pack Vendor :STMicroelectronics X-CUBE-TCPP 4.2.0
2025-10-24 11:58:51,970 [INFO] ThirdParty:1030 - CMSIS Pack Vendor :RealThread X-CUBE-RT-Thread_Nano 4.1.1
2025-10-24 11:58:51,970 [INFO] ThirdParty:1030 - CMSIS Pack Vendor :STMicroelectronics X-CUBE-AZRTOS-H7 2.0.0
2025-10-24 11:58:51,970 [INFO] ThirdParty:1030 - CMSIS Pack Vendor :STMicroelectronics FP-ATR-SIGFOX1 3.2.0
2025-10-24 11:58:51,970 [INFO] ThirdParty:1030 - CMSIS Pack Vendor :quantropi X-CUBE-qispace-sdk-base 1.9.3
2025-10-24 11:58:51,970 [INFO] ThirdParty:1030 - CMSIS Pack Vendor :STMicroelectronics X-CUBE-EEPRMA1 5.1.0
2025-10-24 11:58:51,970 [INFO] ThirdParty:1030 - CMSIS Pack Vendor :STMicroelectronics MBEDTLS 2.16.2
2025-10-24 11:58:51,970 [INFO] ThirdParty:1030 - CMSIS Pack Vendor :emotas I-CUBE-CANOPEN 1.1.2
2025-10-24 11:58:51,970 [INFO] ThirdParty:1030 - CMSIS Pack Vendor :STMicroelectronics X-CUBE-TOUCHGFX 4.20.0
2025-10-24 11:58:51,970 [INFO] ThirdParty:1030 - CMSIS Pack Vendor :STMicroelectronics X-CUBE-MEMS1 9.5.0
2025-10-24 11:58:51,970 [INFO] ThirdParty:1030 - CMSIS Pack Vendor :STMicroelectronics X-CUBE-ST67W61 1.0.0
2025-10-24 11:58:51,972 [INFO] ThirdParty:1030 - CMSIS Pack Vendor :STMicroelectronics X-CUBE-AI 10.2.0
2025-10-24 11:58:51,973 [INFO] ThirdParty:1030 - CMSIS Pack Vendor :STMicroelectronics ThreadX 1.0.0
2025-10-24 11:58:51,973 [INFO] ThirdParty:1030 - CMSIS Pack Vendor :SEGGER I-CUBE-embOS 1.3.1
2025-10-24 11:58:51,974 [INFO] ThirdParty:1030 - CMSIS Pack Vendor :STMicroelectronics X-CUBE-ALGOBUILD 1.4.0
2025-10-24 11:58:51,974 [INFO] ThirdParty:1030 - CMSIS Pack Vendor :STMicroelectronics X-CUBE-MEMS1 11.3.0
2025-10-24 11:58:51,974 [INFO] ThirdParty:1030 - CMSIS Pack Vendor :STMicroelectronics X-CUBE-DISPLAY 2.0.0
2025-10-24 11:58:51,974 [INFO] ThirdParty:1030 - CMSIS Pack Vendor :STMicroelectronics X-CUBE-DISPLAY 2.0.1
2025-10-24 11:58:51,974 [INFO] ThirdParty:1030 - CMSIS Pack Vendor :STMicroelectronics X-CUBE-AI 9.1.0
2025-10-24 11:58:51,974 [INFO] ThirdParty:1030 - CMSIS Pack Vendor :STMicroelectronics X-CUBE-TOUCHGFX 4.16.1
2025-10-24 11:58:51,974 [INFO] ThirdParty:1030 - CMSIS Pack Vendor :STMicroelectronics X-CUBE-TOUCHGFX 4.16.0
2025-10-24 11:58:51,974 [INFO] ThirdParty:1030 - CMSIS Pack Vendor :STMicroelectronics X-CUBE-TOF1 3.0.0
2025-10-24 11:58:51,974 [INFO] ThirdParty:1030 - CMSIS Pack Vendor :STMicroelectronics X-CUBE-BLE2 3.1.0
2025-10-24 11:58:51,974 [INFO] ThirdParty:1030 - CMSIS Pack Vendor :STMicroelectronics X-CUBE-PM33A1 1.0.0
2025-10-24 11:58:51,974 [INFO] ThirdParty:1030 - CMSIS Pack Vendor :STMicroelectronics X-CUBE-GNSS1 6.0.0
2025-10-24 11:58:51,974 [INFO] ThirdParty:1030 - CMSIS Pack Vendor :STMicroelectronics X-CUBE-AZRTOS-F4 1.1.0
2025-10-24 11:58:51,974 [INFO] ThirdParty:1030 - CMSIS Pack Vendor :STMicroelectronics LIBJPEG 8.0.0
2025-10-24 11:58:51,974 [INFO] ThirdParty:1030 - CMSIS Pack Vendor :Avnet-IotConnect X-CUBE-IoTC-DA16k-PMOD 1.0.0
2025-10-24 11:58:51,974 [INFO] ThirdParty:1030 - CMSIS Pack Vendor :STMicroelectronics X-CUBE-ISPU 2.1.0
2025-10-24 11:58:51,974 [INFO] ThirdParty:1030 - CMSIS Pack Vendor :STMicroelectronics X-CUBE-IPS 3.2.0
2025-10-24 11:58:51,974 [INFO] ThirdParty:1030 - CMSIS Pack Vendor :STMicroelectronics X-CUBE-FREERTOS 1.2.0
2025-10-24 11:58:51,974 [INFO] ThirdParty:1030 - CMSIS Pack Vendor :STMicroelectronics X-CUBE-NFC12 1.0.0
2025-10-24 11:58:51,975 [INFO] ThirdParty:1030 - CMSIS Pack Vendor :STMicroelectronics X-CUBE-BLEMGR 1.2.0
2025-10-24 11:58:51,975 [INFO] ThirdParty:1030 - CMSIS Pack Vendor :STMicroelectronics X-CUBE-AZRTOS-L5 2.0.0
2025-10-24 11:58:51,979 [INFO] ThirdParty:1030 - CMSIS Pack Vendor :STMicroelectronics X-CUBE-MEMS1 9.6.0
2025-10-24 11:58:51,979 [INFO] ThirdParty:1030 - CMSIS Pack Vendor :STMicroelectronics X-CUBE-EEPRMA1 4.2.0
2025-10-24 11:58:51,979 [INFO] ThirdParty:1030 - CMSIS Pack Vendor :STMicroelectronics X-CUBE-NFC6 3.1.0
2025-10-24 11:58:51,980 [INFO] ThirdParty:1030 - CMSIS Pack Vendor :ITTIA_DB I-CUBE-ITTIADB 8.8.0
2025-10-24 11:58:51,985 [INFO] ThirdParty:1030 - CMSIS Pack Vendor :STMicroelectronics X-CUBE-BLEMGR 2.0.0
2025-10-24 11:58:51,985 [INFO] ThirdParty:1030 - CMSIS Pack Vendor :STMicroelectronics X-CUBE-DPower 1.2.0
2025-10-24 11:58:51,985 [INFO] ThirdParty:1030 - CMSIS Pack Vendor :STMicroelectronics X-CUBE-NFC4 2.0.5
2025-10-24 11:58:51,985 [INFO] ThirdParty:1030 - CMSIS Pack Vendor :STMicroelectronics X-CUBE-NFC4 2.0.4
2025-10-24 11:58:51,985 [INFO] ThirdParty:1030 - CMSIS Pack Vendor :STMicroelectronics X-CUBE-TOUCHGFX 4.15.0
2025-10-24 11:58:51,985 [INFO] ThirdParty:1030 - CMSIS Pack Vendor :STMicroelectronics X-CUBE-NFC4 2.0.3
2025-10-24 11:58:51,985 [INFO] ThirdParty:1030 - CMSIS Pack Vendor :wolfSSL I-CUBE-wolfSSL 4.8.0
2025-10-24 11:58:51,985 [INFO] ThirdParty:1030 - CMSIS Pack Vendor :STMicroelectronics X-CUBE-NFC4 2.0.2
2025-10-24 11:58:51,985 [INFO] ThirdParty:1030 - CMSIS Pack Vendor :STMicroelectronics X-CUBE-AI 9.0.0
2025-10-24 11:58:51,985 [INFO] ThirdParty:1030 - CMSIS Pack Vendor :STMicroelectronics X-CUBE-NFC4 2.0.1
2025-10-24 11:58:51,985 [INFO] ThirdParty:1030 - CMSIS Pack Vendor :STMicroelectronics X-CUBE-AZRTOS-H7 3.1.0
2025-10-24 11:58:51,986 [INFO] ThirdParty:1030 - CMSIS Pack Vendor :STMicroelectronics PDM2PCM 3.3.0
2025-10-24 11:58:51,986 [INFO] ThirdParty:1030 - CMSIS Pack Vendor :STMicroelectronics X-CUBE-SFXS2LP1 3.1.0
2025-10-24 11:58:51,986 [INFO] ThirdParty:1030 - CMSIS Pack Vendor :STMicroelectronics X-CUBE-AZRTOS-F4 1.0.0
2025-10-24 11:58:51,986 [INFO] ThirdParty:1030 - CMSIS Pack Vendor :STMicroelectronics X-CUBE-SUBG2 3.0.1
2025-10-24 11:58:51,986 [INFO] ThirdParty:1030 - CMSIS Pack Vendor :STMicroelectronics X-CUBE-SUBG2 3.0.0
2025-10-24 11:58:51,986 [INFO] ThirdParty:1030 - CMSIS Pack Vendor :STMicroelectronics X-CUBE-TOF1 2.0.0
2025-10-24 11:58:51,986 [INFO] ThirdParty:1030 - CMSIS Pack Vendor :STMicroelectronics X-CUBE-FREERTOS 1.3.1
2025-10-24 11:58:51,986 [INFO] ThirdParty:1030 - CMSIS Pack Vendor :STMicroelectronics X-CUBE-FREERTOS 1.3.0
2025-10-24 11:58:51,986 [INFO] ThirdParty:1030 - CMSIS Pack Vendor :STMicroelectronics X-CUBE-NFC7 1.0.1
2025-10-24 11:58:51,986 [INFO] ThirdParty:1030 - CMSIS Pack Vendor :STMicroelectronics MBEDTLS 2.14.1
2025-10-24 11:58:51,986 [INFO] ThirdParty:1030 - CMSIS Pack Vendor :STMicroelectronics X-CUBE-NFC7 1.0.0
2025-10-24 11:58:51,986 [INFO] ThirdParty:1030 - CMSIS Pack Vendor :wolfSSL I-CUBE-wolfTPM 3.2.0
2025-10-24 11:58:51,986 [INFO] ThirdParty:1030 - CMSIS Pack Vendor :STMicroelectronics X-CUBE-TOUCHGFX 4.26.0
2025-10-24 11:58:51,986 [INFO] ThirdParty:1030 - CMSIS Pack Vendor :STMicroelectronics X-CUBE-NFC6 3.0.0
2025-10-24 11:58:51,986 [INFO] ThirdParty:1030 - CMSIS Pack Vendor :STMicroelectronics X-CUBE-EEPRMA1 4.1.0
2025-10-24 11:58:51,986 [INFO] ThirdParty:1030 - CMSIS Pack Vendor :STMicroelectronics FP-SNS-STAIOTCFT 1.0.0
2025-10-24 11:58:51,986 [INFO] ThirdParty:1030 - CMSIS Pack Vendor :STMicroelectronics X-CUBE-DPower 1.3.0
2025-10-24 11:58:51,986 [INFO] ThirdParty:1030 - CMSIS Pack Vendor :STMicroelectronics X-CUBE-DISPLAY 1.0.0
2025-10-24 11:58:51,986 [INFO] ThirdParty:1030 - CMSIS Pack Vendor :STMicroelectronics USB_DEVICE 1.0.0
2025-10-24 11:58:51,986 [INFO] ThirdParty:1030 - CMSIS Pack Vendor :STMicroelectronics X-CUBE-AI 8.1.0
2025-10-24 11:58:51,992 [INFO] ThirdParty:1030 - CMSIS Pack Vendor :STMicroelectronics X-CUBE-AI 6.0.0
2025-10-24 11:58:51,992 [INFO] ThirdParty:1030 - CMSIS Pack Vendor :STMicroelectronics X-CUBE-AZRTOS-G0 1.0.0
2025-10-24 11:58:51,992 [INFO] ThirdParty:1030 - CMSIS Pack Vendor :STMicroelectronics X-CUBE-AZRTOS-L4 2.0.0
2025-10-24 11:58:51,992 [INFO] ThirdParty:1030 - CMSIS Pack Vendor :STMicroelectronics lwIP 2.1.2
2025-10-24 11:58:51,992 [INFO] ThirdParty:1030 - CMSIS Pack Vendor :STMicroelectronics X-CUBE-SFXS2LP1 4.0.0
2025-10-24 11:58:51,993 [INFO] ThirdParty:1030 - CMSIS Pack Vendor :wolfSSL I-CUBE-wolfSSL 4.7.0
2025-10-24 11:58:51,993 [INFO] ThirdParty:1030 - CMSIS Pack Vendor :STMicroelectronics X-CUBE-AI 5.2.0
2025-10-24 11:58:51,993 [INFO] ThirdParty:1030 - CMSIS Pack Vendor :STMicroelectronics PDM2PCM 3.2.0
2025-10-24 11:58:51,993 [INFO] ThirdParty:1030 - CMSIS Pack Vendor :STMicroelectronics X-CUBE-AZRTOS-H7 3.0.0
2025-10-24 11:58:51,993 [INFO] ThirdParty:1030 - CMSIS Pack Vendor :STMicroelectronics X-CUBE-ISPU 1.1.0
2025-10-24 11:58:51,993 [INFO] ThirdParty:1030 - CMSIS Pack Vendor :STMicroelectronics X-CUBE-AZRTOS-H7 3.3.0
2025-10-24 11:58:51,993 [INFO] ThirdParty:1030 - CMSIS Pack Vendor :RoweBots I-CUBE-UNISONRTOS 5.5.0-4
2025-10-24 11:58:51,993 [INFO] ThirdParty:1030 - CMSIS Pack Vendor :STMicroelectronics X-CUBE-SFXS2LP1 3.0.0
2025-10-24 11:58:51,993 [INFO] ThirdParty:1030 - CMSIS Pack Vendor :STMicroelectronics X-CUBE-BLEMGR 4.1.0
2025-10-24 11:58:51,994 [INFO] ThirdParty:1030 - CMSIS Pack Vendor :STMicroelectronics X-CUBE-AI 8.0.0
2025-10-24 11:58:51,994 [INFO] ThirdParty:1030 - CMSIS Pack Vendor :STMicroelectronics X-CUBE-IPS 3.0.0
2025-10-24 11:58:51,994 [INFO] ThirdParty:1030 - CMSIS Pack Vendor :STMicroelectronics X-CUBE-AZRTOS-WB 2.0.0
2025-10-24 11:58:51,994 [INFO] ThirdParty:1030 - CMSIS Pack Vendor :STMicroelectronics X-CUBE-FREERTOS 1.0.0
2025-10-24 11:58:51,994 [INFO] ThirdParty:1030 - CMSIS Pack Vendor :STMicroelectronics X-CUBE-FREERTOS 1.0.1
2025-10-24 11:58:51,994 [INFO] ThirdParty:1030 - CMSIS Pack Vendor :STMicroelectronics X-CUBE-GNSS1 7.0.0
2025-10-24 11:58:51,994 [INFO] ThirdParty:1030 - CMSIS Pack Vendor :STMicroelectronics X-CUBE-GNSS1 7.0.1
2025-10-24 11:58:51,994 [INFO] ThirdParty:1030 - CMSIS Pack Vendor :STMicroelectronics X-CUBE-BLEMGR 1.0.0
2025-10-24 11:58:51,994 [INFO] ThirdParty:1030 - CMSIS Pack Vendor :STMicroelectronics X-CUBE-MEMS1 9.0.0
2025-10-24 11:58:51,994 [INFO] ThirdParty:1030 - CMSIS Pack Vendor :STMicroelectronics X-CUBE-TOUCHGFX 4.25.0
2025-10-24 11:58:51,994 [INFO] ThirdParty:1030 - CMSIS Pack Vendor :STMicroelectronics FP-SNS-STBOX1 2.0.0
2025-10-24 11:58:51,994 [INFO] ThirdParty:1030 - CMSIS Pack Vendor :STMicroelectronics X-CUBE-MEMS1 8.2.0
2025-10-24 11:58:51,994 [INFO] ThirdParty:1030 - CMSIS Pack Vendor :STMicroelectronics X-CUBE-AZRTOS-L5 1.1.0
2025-10-24 11:58:51,994 [INFO] ThirdParty:1030 - CMSIS Pack Vendor :STMicroelectronics X-CUBE-AI 8.0.1
2025-10-24 11:58:51,994 [INFO] ThirdParty:1030 - CMSIS Pack Vendor :STMicroelectronics X-CUBE-SUBG2 5.0.0
2025-10-24 11:58:51,994 [INFO] ThirdParty:1030 - CMSIS Pack Vendor :STMicroelectronics X-CUBE-AZRTOS-H7RS 1.1.0
2025-10-24 11:58:51,994 [INFO] ThirdParty:1030 - CMSIS Pack Vendor :STMicroelectronics STM32_WPAN 1.0.0
2025-10-24 11:58:51,994 [INFO] ThirdParty:1030 - CMSIS Pack Vendor :STMicroelectronics X-CUBE-GNSS1 5.1.0
2025-10-24 11:58:51,994 [INFO] ThirdParty:1030 - CMSIS Pack Vendor :STMicroelectronics lwIP 2.0.3
2025-10-24 11:58:51,994 [INFO] ThirdParty:1030 - CMSIS Pack Vendor :STMicroelectronics USB_HOST 1.0.0
2025-10-24 11:58:51,994 [INFO] ThirdParty:1030 - CMSIS Pack Vendor :STMicroelectronics X-CUBE-TOF1 3.3.1
2025-10-24 11:58:51,995 [INFO] ThirdParty:1030 - CMSIS Pack Vendor :STMicroelectronics X-CUBE-AZRTOS-G4 2.0.0
2025-10-24 11:58:51,995 [INFO] ThirdParty:1030 - CMSIS Pack Vendor :STMicroelectronics X-CUBE-TOF1 3.3.0
2025-10-24 11:58:51,995 [INFO] ThirdParty:1030 - CMSIS Pack Vendor :STMicroelectronics FP-ATR-ASTRA1 1.1.1
2025-10-24 11:58:51,995 [INFO] ThirdParty:1030 - CMSIS Pack Vendor :Infineon AIROC-Wi-Fi-Bluetooth-STM32 1.5.1
2025-10-24 11:58:51,995 [INFO] ThirdParty:1030 - CMSIS Pack Vendor :STMicroelectronics FP-ATR-ASTRA1 1.1.0
2025-10-24 11:58:51,995 [INFO] ThirdParty:1030 - CMSIS Pack Vendor :STMicroelectronics FP-SNS-MOTENVWB1 1.3.0
2025-10-24 11:58:51,995 [INFO] ThirdParty:1030 - CMSIS Pack Vendor :STMicroelectronics X-CUBE-NFC7 2.0.0
2025-10-24 11:58:51,995 [INFO] ThirdParty:1030 - CMSIS Pack Vendor :STMicroelectronics FP-SNS-MOTENVWB1 1.3.1
2025-10-24 11:58:51,995 [INFO] ThirdParty:1030 - CMSIS Pack Vendor :STMicroelectronics X-CUBE-AZRTOS-G4 1.0.0
2025-10-24 11:58:51,995 [INFO] ThirdParty:1030 - CMSIS Pack Vendor :STMicroelectronics X-CUBE-AZRTOS-L4 1.0.0
2025-10-24 11:58:51,995 [INFO] ThirdParty:1030 - CMSIS Pack Vendor :STMicroelectronics X-CUBE-ISPU 2.0.0
2025-10-24 11:58:51,995 [INFO] ThirdParty:1030 - CMSIS Pack Vendor :STMicroelectronics X-CUBE-IPS 3.1.0
2025-10-24 11:58:51,995 [INFO] ThirdParty:1030 - CMSIS Pack Vendor :STMicroelectronics X-CUBE-ALS 1.0.2
2025-10-24 11:58:51,995 [INFO] ThirdParty:1030 - CMSIS Pack Vendor :STMicroelectronics X-CUBE-MEMS1 10.0.0
2025-10-24 11:58:51,995 [INFO] ThirdParty:1030 - CMSIS Pack Vendor :STMicroelectronics X-CUBE-FREERTOS 1.1.0
2025-10-24 11:58:51,995 [INFO] ThirdParty:1030 - CMSIS Pack Vendor :STMicroelectronics X-CUBE-TOUCHGFX 4.24.0
2025-10-24 11:58:51,995 [INFO] ThirdParty:1030 - CMSIS Pack Vendor :STMicroelectronics X-CUBE-AZRTOS-F7 1.0.0
2025-10-24 11:58:51,995 [INFO] ThirdParty:1030 - CMSIS Pack Vendor :STMicroelectronics X-CUBE-SUBG2 4.0.0
2025-10-24 11:58:51,995 [INFO] ThirdParty:1030 - CMSIS Pack Vendor :STMicroelectronics X-CUBE-TOUCHGFX 4.24.2
2025-10-24 11:58:51,995 [INFO] ThirdParty:1030 - CMSIS Pack Vendor :STMicroelectronics X-CUBE-AZRTOS-WL 1.0.0
2025-10-24 11:58:51,995 [INFO] ThirdParty:1030 - CMSIS Pack Vendor :STMicroelectronics X-CUBE-TOUCHGFX 4.24.1
2025-10-24 11:58:51,995 [INFO] ThirdParty:1030 - CMSIS Pack Vendor :STMicroelectronics X-CUBE-STSE01 1.0.0
2025-10-24 11:58:51,995 [INFO] ThirdParty:1030 - CMSIS Pack Vendor :STMicroelectronics X-CUBE-MEMS1 9.1.0
2025-10-24 11:58:51,995 [INFO] ThirdParty:1030 - CMSIS Pack Vendor :STMicroelectronics X-CUBE-TOF1 1.0.0
2025-10-24 11:58:51,995 [INFO] ThirdParty:1030 - CMSIS Pack Vendor :portGmbH I-Cube-SoM-uGOAL 1.1.0
2025-10-24 11:58:51,995 [INFO] ThirdParty:1030 - CMSIS Pack Vendor :STMicroelectronics X-CUBE-ALS 1.0.1
2025-10-24 11:58:51,995 [INFO] ThirdParty:1030 - CMSIS Pack Vendor :STMicroelectronics X-CUBE-AI 7.0.0
2025-10-24 11:58:52,000 [INFO] ThirdParty:1030 - CMSIS Pack Vendor :STMicroelectronics X-CUBE-AZRTOS-WB 1.1.0
2025-10-24 11:58:52,000 [INFO] ThirdParty:1030 - CMSIS Pack Vendor :STMicroelectronics X-CUBE-MEMS1 8.3.0
2025-10-24 11:58:52,000 [INFO] ThirdParty:1030 - CMSIS Pack Vendor :STMicroelectronics X-CUBE-AZRTOS-L5 1.0.0
2025-10-24 11:58:52,000 [INFO] ThirdParty:1030 - CMSIS Pack Vendor :STMicroelectronics X-CUBE-ALGOBUILD 1.0.0
2025-10-24 11:58:52,000 [INFO] ThirdParty:1030 - CMSIS Pack Vendor :STMicroelectronics X-CUBE-EEPRMA1 3.1.0
2025-10-24 11:58:52,000 [INFO] ThirdParty:1030 - CMSIS Pack Vendor :STMicroelectronics X-CUBE-EEPRMA1 3.1.1
2025-10-24 11:58:52,000 [INFO] ThirdParty:1030 - CMSIS Pack Vendor :STMicroelectronics X-CUBE-AZRTOS-H7RS 1.0.0
2025-10-24 11:58:52,000 [INFO] ThirdParty:1030 - CMSIS Pack Vendor :STMicroelectronics X-CUBE-GNSS1 5.2.0
2025-10-24 11:58:52,000 [INFO] ThirdParty:1030 - CMSIS Pack Vendor :STMicroelectronics FP-ATR-ASTRA1 2.0.0
2025-10-24 11:58:52,001 [INFO] ThirdParty:1030 - CMSIS Pack Vendor :STMicroelectronics X-CUBE-TOF1 3.4.2
2025-10-24 11:58:52,001 [INFO] ThirdParty:1030 - CMSIS Pack Vendor :STMicroelectronics X-CUBE-TOF1 3.4.3
2025-10-24 11:58:52,001 [INFO] ThirdParty:1030 - CMSIS Pack Vendor :STMicroelectronics X-CUBE-TOF1 3.4.0
2025-10-24 11:58:52,001 [INFO] ThirdParty:1030 - CMSIS Pack Vendor :STMicroelectronics X-CUBE-TOF1 3.4.1
2025-10-24 11:58:52,001 [INFO] ThirdParty:1030 - CMSIS Pack Vendor :STMicroelectronics X-CUBE-AZRTOS-H7 3.2.0
2025-10-24 11:58:52,001 [INFO] ThirdParty:1030 - CMSIS Pack Vendor :wolfSSL I-CUBE-wolfSSH 1.4.17
2025-10-24 11:58:52,001 [INFO] ThirdParty:841 - exiting critical section [change project]
2025-10-24 11:58:52,652 [INFO] PinOutPanel:1589 - setPackage(No Configuration,No Configuration)
2025-10-24 11:58:52,653 [INFO] PinOutPanel:1589 - setPackage(STM32L432KCUx,UFQFPN32)
2025-10-24 11:58:53,761 [INFO] UtilMem:75 - Before build in PCC Used Memory: 860988736 Bytes (1073741824)
2025-10-24 11:58:55,730 [INFO] UtilMem:75 - After build in PCC Used Memory: 956673616 Bytes (1073741824)
2025-10-24 11:58:55,876 [INFO] IPUIPlugin:80 - create IPUIPlugin
2025-10-24 11:58:55,876 [INFO] IPUIPlugin:80 - create IPUIPlugin
2025-10-24 11:58:55,876 [INFO] IPUIPlugin:80 - create IPUIPlugin
2025-10-24 11:58:55,876 [INFO] IPUIPlugin:80 - create IPUIPlugin
2025-10-24 11:58:55,876 [INFO] IPUIPlugin:80 - create IPUIPlugin
2025-10-24 11:58:55,876 [INFO] IPUIPlugin:80 - create IPUIPlugin
2025-10-24 11:58:55,876 [INFO] IPUIPlugin:80 - create IPUIPlugin
2025-10-24 11:58:55,876 [INFO] IPUIPlugin:80 - create IPUIPlugin
2025-10-24 11:58:55,878 [INFO] IPUIPlugin:80 - create IPUIPlugin
2025-10-24 11:58:55,878 [INFO] IPUIPlugin:80 - create IPUIPlugin
2025-10-24 11:58:55,878 [INFO] IPUIPlugin:80 - create IPUIPlugin
2025-10-24 11:58:55,879 [INFO] IPUIPlugin:80 - create IPUIPlugin
2025-10-24 11:58:55,880 [INFO] IPUIPlugin:80 - create IPUIPlugin
2025-10-24 11:58:55,880 [INFO] IPUIPlugin:80 - create IPUIPlugin
2025-10-24 11:58:55,880 [INFO] IPUIPlugin:80 - create IPUIPlugin
2025-10-24 11:58:55,880 [INFO] IPUIPlugin:80 - create IPUIPlugin
2025-10-24 11:58:55,880 [INFO] IPUIPlugin:80 - create IPUIPlugin
2025-10-24 11:58:55,880 [INFO] IPUIPlugin:80 - create IPUIPlugin
2025-10-24 11:58:55,880 [INFO] IPUIPlugin:80 - create IPUIPlugin
2025-10-24 11:58:55,880 [INFO] IPUIPlugin:80 - create IPUIPlugin
2025-10-24 11:58:55,880 [INFO] IPUIPlugin:80 - create IPUIPlugin
2025-10-24 11:58:55,881 [INFO] IPUIPlugin:80 - create IPUIPlugin
2025-10-24 11:58:55,881 [INFO] IPUIPlugin:80 - create IPUIPlugin
2025-10-24 11:58:55,881 [INFO] IPUIPlugin:80 - create IPUIPlugin
2025-10-24 11:58:55,881 [INFO] IPUIPlugin:80 - create IPUIPlugin
2025-10-24 11:58:55,881 [INFO] IPUIPlugin:80 - create IPUIPlugin
2025-10-24 11:58:55,888 [INFO] IPUIPlugin:80 - create IPUIPlugin
2025-10-24 11:58:55,888 [INFO] IPUIPlugin:80 - create IPUIPlugin
2025-10-24 11:58:55,888 [INFO] IPUIPlugin:80 - create IPUIPlugin
2025-10-24 11:58:55,888 [INFO] IPUIPlugin:80 - create IPUIPlugin
2025-10-24 11:58:55,888 [INFO] IPUIPlugin:80 - create IPUIPlugin
2025-10-24 11:58:55,888 [INFO] IPUIPlugin:80 - create IPUIPlugin
2025-10-24 11:58:55,889 [INFO] IPUIPlugin:80 - create IPUIPlugin
2025-10-24 11:58:55,889 [INFO] IPUIPlugin:80 - create IPUIPlugin
2025-10-24 11:58:55,889 [INFO] IPUIPlugin:80 - create IPUIPlugin
2025-10-24 11:58:55,889 [INFO] IPUIPlugin:80 - create IPUIPlugin
2025-10-24 11:58:55,889 [INFO] IPUIPlugin:80 - create IPUIPlugin
2025-10-24 11:58:55,889 [INFO] IPUIPlugin:80 - create IPUIPlugin
2025-10-24 11:58:55,889 [INFO] IPUIPlugin:80 - create IPUIPlugin
2025-10-24 11:58:55,890 [INFO] IPUIPlugin:80 - create IPUIPlugin
2025-10-24 11:58:55,890 [INFO] IPUIPlugin:80 - create IPUIPlugin
2025-10-24 11:58:56,329 [INFO] CADModel:165 - CPN selected for project levelSTM32L432KCU3
2025-10-24 11:58:56,329 [INFO] CADModel:114 - Register for checkConnection events
2025-10-24 11:58:56,452 [INFO] OpenFileManager:386 - Restore cursor
2025-10-24 11:58:59,065 [INFO] UtilMem:75 - End SaveConfig() Used Memory: 924949824 Bytes (1073741824)
2025-10-24 11:58:59,197 [INFO] UtilMem:75 - End SaveConfig() Used Memory: 965844288 Bytes (1073741824)
2025-10-24 11:58:59,999 [INFO] BlockDiagram:2775 - set Specific Code input for plugin: NVIC
2025-10-24 11:59:00,000 [INFO] BlockDiagram:2775 - set Specific Code input for plugin: RCC
2025-10-24 11:59:00,000 [INFO] CodeGenerator:892 - code generatio: config db path: /home/lth/st/stm32cubeide_1.19.0/plugins/com.st.stm32cube.common.mx_6.15.0.202507011659//db/
2025-10-24 11:59:00,198 [INFO] CodeEngine:265 - oldGeneratedFile, /home/lth/src/stm32-st7789/examples/stm32l432/MXTmpFiles/license.tmp_save
2025-10-24 11:59:00,790 [INFO] CodeEngine:289 - Generated code: /home/lth/src/stm32-st7789/examples/stm32l432/MXTmpFiles/license.tmp
2025-10-24 11:59:00,805 [INFO] CodeEngine:265 - oldGeneratedFile, /home/lth/src/stm32-st7789/examples/stm32l432/Core/Src/stm32l4xx_it.c_save
2025-10-24 11:59:00,979 [INFO] CodeEngine:289 - Generated code: /home/lth/src/stm32-st7789/examples/stm32l432/Core/Src/stm32l4xx_it.c
2025-10-24 11:59:00,981 [INFO] CodeEngine:265 - oldGeneratedFile, /home/lth/src/stm32-st7789/examples/stm32l432/Core/Inc/stm32l4xx_it.h_save
2025-10-24 11:59:01,116 [INFO] CodeEngine:289 - Generated code: /home/lth/src/stm32-st7789/examples/stm32l432/Core/Inc/stm32l4xx_it.h
2025-10-24 11:59:01,223 [INFO] CodeEngine:265 - oldGeneratedFile, /home/lth/src/stm32-st7789/examples/stm32l432/Core/Src/stm32l4xx_hal_msp.c_save
2025-10-24 11:59:01,371 [INFO] CodeEngine:289 - Generated code: /home/lth/src/stm32-st7789/examples/stm32l432/Core/Src/stm32l4xx_hal_msp.c
2025-10-24 11:59:01,372 [INFO] CodeEngine:265 - oldGeneratedFile, /home/lth/src/stm32-st7789/examples/stm32l432/MXTmpFiles/system.tmp_save
2025-10-24 11:59:01,439 [INFO] CodeEngine:289 - Generated code: /home/lth/src/stm32-st7789/examples/stm32l432/MXTmpFiles/system.tmp
2025-10-24 11:59:01,445 [INFO] CodeEngine:321 - oldGeneratedFile, /home/lth/src/stm32-st7789/examples/stm32l432/Core/Inc/stm32l4xx_hal_conf.h_save
2025-10-24 11:59:01,527 [INFO] CodeEngine:345 - Generated code: /home/lth/src/stm32-st7789/examples/stm32l432/Core/Inc/stm32l4xx_hal_conf.h
2025-10-24 11:59:01,593 [INFO] ApiDbMcu:532 - Load IP Config File for RCC
2025-10-24 11:59:01,596 [INFO] CodeEngine:265 - oldGeneratedFile, /home/lth/src/stm32-st7789/examples/stm32l432/Core/Inc/main.h_save
2025-10-24 11:59:01,713 [INFO] CodeEngine:289 - Generated code: /home/lth/src/stm32-st7789/examples/stm32l432/Core/Inc/main.h
2025-10-24 11:59:01,714 [INFO] CodeEngine:265 - oldGeneratedFile, /home/lth/src/stm32-st7789/examples/stm32l432/Core/Src/main.c_save
2025-10-24 11:59:01,867 [INFO] CodeEngine:289 - Generated code: /home/lth/src/stm32-st7789/examples/stm32l432/Core/Src/main.c
2025-10-24 11:59:02,141 [INFO] ProjectBuilder:3606 - Time for Copy HAL[1] : 23mS.
2025-10-24 11:59:02,144 [INFO] ProjectBuilder:5216 - Project Generator version: 4.7.0-B52
2025-10-24 11:59:02,300 [INFO] ConfigFileManager:1595 - The Die is : DIE435
2025-10-24 11:59:02,306 [INFO] ApiDbMcu:532 - Load IP Config File for FATFS
2025-10-24 11:59:02,311 [INFO] ApiDbMcu:532 - Load IP Config File for FREERTOS
2025-10-24 11:59:02,325 [INFO] ApiDbMcu:532 - Load IP Config File for TOUCHSENSING
2025-10-24 11:59:02,330 [INFO] ApiDbMcu:532 - Load IP Config File for USB_DEVICE
2025-10-24 11:59:02,852 [INFO] LogOutputStream:77 - [STDOUT_REDIRECT] 
2025-10-24 11:59:05,677 [INFO] ProjectBuilder:5496 - Time for Generating toolchain IDE Files: 3533mS.
2025-10-24 11:59:05,678 [INFO] ProjectBuilder:3463 - Time for Copy CMSIS : 1mS.
2025-10-24 11:59:05,678 [INFO] ProjectBuilder:3463 - Time for Copy CMSIS : 0mS.
2025-10-24 11:59:06,441 [INFO] McuFinderGlobals:76 - Set McuFinderConnectedMode to true
2025-10-24 11:59:06,446 [INFO] ApiDb:448 - Save user favorites file /home/lth/.stm32cubeide/favorites.mcus.txt: 0 item(s)
2025-10-24 11:59:06,446 [INFO] ApiDb:452 - User favorites MCUs=[]
